run_id,model,study,condition,frame,P_anchor,GR_anchor,P_post,GR_post,Reckless,Negligent,Blame,Punish
5748ef55,nano,3,flood_good,juror,30.0,40.0,30.0,40.0,3.0,5.0,4.0,3.0
5748ef55,nano,3,flood_bad,juror,30.0,40.0,30.0,40.0,5.0,6.0,6.0,5.0
5748ef55,nano,3,traffic_good,juror,15.0,75.0,15.0,75.0,4.0,5.0,5.0,4.0
5748ef55,nano,3,traffic_bad,juror,30.0,70.0,30.0,70.0,5.0,6.0,6.0,5.0
5748ef55,haiku,3,flood_good,juror,60.0,80.0,60.0,80.0,5.0,5.0,5.0,3.0
5748ef55,haiku,3,flood_bad,juror,60.0,75.0,60.0,75.0,6.0,6.0,6.0,6.0
5748ef55,haiku,3,traffic_good,juror,30.0,70.0,25.0,70.0,6.0,6.0,6.0,5.0
5748ef55,haiku,3,traffic_bad,juror,60.0,30.0,10.0,30.0,6.0,6.0,6.0,6.0
5748ef55,deepseek,3,flood_good,juror,50.0,30.0,50.0,30.0,4.0,5.0,3.0,2.0
5748ef55,deepseek,3,flood_bad,juror,50.0,30.0,50.0,30.0,6.0,6.0,6.0,6.0
5748ef55,deepseek,3,traffic_good,juror,50.0,70.0,50.0,70.0,3.0,3.0,2.0,1
5748ef55,deepseek,3,traffic_bad,juror,30.0,70.0,30.0,70.0,6.0,6.0,5.0,4.0
7a02ac3d,nano,3,traffic_bad,juror,15.0,80.0,15.0,80.0,5.0,6.0,5.0,6.0
7a02ac3d,nano,3,traffic_good,juror,10.0,70.0,10.0,70.0,3.0,4.0,4.0,3.0
7a02ac3d,nano,3,flood_good,juror,45.0,30.0,45.0,30.0,3.0,4.0,4.0,3.0
7a02ac3d,nano,3,traffic_bad,juror,15.0,80.0,15.0,80.0,5.0,6.0,6.0,5.0
7a02ac3d,nano,3,flood_bad,juror,25.0,30.0,25.0,30.0,5.0,6.0,6.0,5.0
7a02ac3d,nano,3,traffic_bad,juror,15.0,70.0,15.0,70.0,4.0,5.0,5.0,6.0
7a02ac3d,nano,3,flood_bad,juror,35.0,40.0,35.0,40.0,5.0,6.0,6.0,5.0
7a02ac3d,nano,3,flood_bad,juror,40.0,30.0,40.0,30.0,5.0,6.0,6.0,5.0
7a02ac3d,nano,3,traffic_bad,juror,20.0,70.0,20.0,70.0,5.0,6.0,5.0,6.0
7a02ac3d,nano,3,flood_bad,juror,25.0,40.0,25.0,40.0,5.0,6.0,6.0,5.0
7a02ac3d,nano,3,traffic_bad,juror,30.0,70.0,30.0,70.0,6.0,6.0,5.0,5.0
7a02ac3d,nano,3,traffic_good,juror,20.0,80.0,20.0,80.0,2.0,5.0,4.0,3.0
7a02ac3d,nano,3,flood_good,juror,30.0,50.0,30.0,50.0,3.0,5.0,4.0,3.0
7a02ac3d,nano,3,traffic_bad,juror,15.0,70.0,15.0,70.0,5.0,5.0,5.0,4.0
7a02ac3d,nano,3,traffic_good,juror,15.0,80.0,15.0,80.0,3.0,4.0,4.0,3.0
7a02ac3d,nano,3,traffic_bad,juror,20.0,80.0,20.0,80.0,5.0,6.0,6.0,5.0
7a02ac3d,nano,3,traffic_bad,juror,30.0,80.0,30.0,80.0,6.0,5.0,6.0,5.0
7a02ac3d,nano,3,flood_bad,juror,50.0,30.0,50.0,30.0,5.0,6.0,6.0,5.0
6fc7b080,nano,3,traffic_bad,juror,20.0,90.0,20.0,90.0,6.0,6.0,6.0,5.0
6fc7b080,nano,3,flood_good,juror,40.0,30.0,40.0,30.0,3.0,4.0,5.0,4.0
6fc7b080,nano,3,traffic_good,juror,15.0,70.0,15.0,70.0,2.0,5.0,4.0,3.0
6fc7b080,nano,3,flood_bad,juror,50.0,30.0,50.0,30.0,5.0,6.0,6.0,6.0
6fc7b080,nano,3,traffic_good,juror,15.0,70.0,15.0,70.0,2.0,5.0,4.0,3.0
6fc7b080,nano,3,flood_bad,juror,60.0,40.0,60.0,40.0,5.0,6.0,6.0,5.0
6fc7b080,nano,3,flood_good,juror,20.0,30.0,20.0,30.0,4.0,5.0,5.0,4.0
6fc7b080,nano,3,traffic_bad,juror,20.0,80.0,20.0,80.0,5.0,6.0,5.0,6.0
6fc7b080,nano,3,flood_bad,juror,30.0,50.0,30.0,50.0,5.0,6.0,6.0,5.0
6fc7b080,nano,3,flood_good,juror,30.0,40.0,30.0,40.0,3.0,5.0,5.0,4.0
6fc7b080,nano,3,traffic_bad,juror,30.0,80.0,30.0,80.0,3.0,5.0,5.0,4.0
6fc7b080,nano,3,flood_bad,juror,30.0,20.0,30.0,20.0,6.0,5.0,6.0,5.0
6fc7b080,nano,3,flood_good,juror,30.0,50.0,30.0,50.0,3.0,5.0,4.0,3.0
6fc7b080,nano,3,traffic_bad,juror,20.0,80.0,20.0,80.0,4.0,5.0,5.0,4.0
6fc7b080,nano,3,traffic_bad,juror,15.0,70.0,15.0,70.0,5.0,6.0,6.0,5.0
6fc7b080,nano,3,flood_bad,juror,30.0,50.0,30.0,50.0,6.0,5.0,6.0,6.0
6fc7b080,nano,3,flood_bad,juror,40.0,30.0,40.0,30.0,5.0,6.0,6.0,5.0
6fc7b080,nano,3,flood_bad,juror,30.0,20.0,30.0,20.0,5.0,6.0,6.0,5.0
6fc7b080,nano,3,traffic_good,juror,5.0,90.0,5.0,90.0,2.0,5.0,4.0,3.0
6fc7b080,nano,3,traffic_bad,juror,20.0,80.0,20.0,80.0,3.0,5.0,5.0,4.0
6fc7b080,nano,3,flood_good,juror,40.0,60.0,40.0,60.0,3.0,4.0,4.0,3.0
6fc7b080,nano,3,flood_good,juror,40.0,60.0,40.0,60.0,3.0,4.0,4.0,3.0
6fc7b080,nano,3,traffic_good,juror,5.0,80.0,5.0,80.0,3.0,5.0,4.0,3.0
6fc7b080,nano,3,traffic_good,juror,5.0,70.0,5.0,70.0,3.0,4.0,4.0,3.0
6fc7b080,nano,3,flood_good,juror,30.0,40.0,30.0,40.0,3.0,4.0,4.0,3.0
6fc7b080,nano,3,flood_bad,juror,30.0,50.0,30.0,50.0,6.0,5.0,6.0,6.0
6fc7b080,nano,3,flood_bad,juror,40.0,30.0,40.0,30.0,5.0,6.0,6.0,5.0
6fc7b080,nano,3,traffic_bad,juror,15.0,80.0,15.0,80.0,5.0,5.0,5.0,5.0
6fc7b080,nano,3,flood_good,juror,40.0,30.0,40.0,30.0,3.0,5.0,4.0,3.0
6fc7b080,nano,3,traffic_good,juror,5.0,90.0,5.0,90.0,3.0,4.0,5.0,4.0
6fc7b080,nano,3,traffic_good,juror,10.0,70.0,10.0,70.0,3.0,4.0,4.0,3.0
6fc7b080,nano,3,traffic_bad,juror,30.0,70.0,30.0,70.0,5.0,6.0,6.0,5.0
6fc7b080,nano,3,flood_bad,juror,30.0,20.0,30.0,20.0,5.0,6.0,6.0,5.0
6fc7b080,nano,3,flood_good,juror,30.0,20.0,30.0,20.0,2.0,5.0,4.0,3.0
6fc7b080,nano,3,traffic_bad,juror,5.0,80.0,5.0,80.0,3.0,5.0,4.0,5.0
6fc7b080,nano,3,traffic_good,juror,20.0,80.0,20.0,80.0,2.0,5.0,4.0,3.0
6fc7b080,nano,3,traffic_bad,juror,10.0,80.0,10.0,80.0,5.0,6.0,5.0,6.0
6fc7b080,nano,3,traffic_bad,juror,30.0,70.0,30.0,70.0,5.0,6.0,6.0,5.0
6fc7b080,nano,3,flood_bad,juror,30.0,40.0,30.0,40.0,6.0,5.0,6.0,5.0
6fc7b080,nano,3,flood_good,juror,40.0,30.0,40.0,30.0,3.0,5.0,4.0,3.0
6fc7b080,nano,3,flood_good,juror,30.0,60.0,30.0,60.0,3.0,4.0,4.0,3.0
6fc7b080,nano,3,traffic_good,juror,10.0,80.0,10.0,80.0,3.0,4.0,4.0,3.0
6fc7b080,nano,3,traffic_bad,juror,30.0,70.0,30.0,70.0,5.0,6.0,5.0,4.0
6fc7b080,nano,3,traffic_good,juror,30.0,80.0,30.0,80.0,3.0,4.0,4.0,3.0
6fc7b080,nano,3,traffic_good,juror,5.0,80.0,5.0,80.0,2.0,5.0,4.0,3.0
6fc7b080,nano,3,traffic_bad,juror,10.0,80.0,10.0,80.0,5.0,6.0,5.0,6.0
6fc7b080,nano,3,flood_bad,juror,25.0,40.0,25.0,40.0,5.0,6.0,6.0,5.0
6fc7b080,nano,3,traffic_bad,juror,30.0,70.0,30.0,70.0,4.0,5.0,5.0,6.0
6fc7b080,nano,3,traffic_good,juror,10.0,80.0,10.0,80.0,2.0,5.0,4.0,3.0
6fc7b080,nano,3,traffic_bad,juror,30.0,70.0,30.0,70.0,5.0,6.0,6.0,5.0
6fc7b080,nano,3,flood_good,juror,40.0,30.0,40.0,30.0,3.0,5.0,4.0,3.0
6fc7b080,nano,3,flood_bad,juror,30.0,20.0,30.0,20.0,5.0,6.0,6.0,6.0
6fc7b080,nano,3,flood_good,juror,20.0,30.0,20.0,30.0,3.0,5.0,4.0,3.0
6fc7b080,nano,3,flood_bad,juror,30.0,40.0,30.0,40.0,5.0,6.0,6.0,5.0
6fc7b080,nano,3,flood_bad,juror,20.0,30.0,20.0,30.0,5.0,6.0,6.0,6.0
6fc7b080,nano,3,flood_good,juror,40.0,30.0,40.0,30.0,3.0,5.0,4.0,3.0
6fc7b080,nano,3,flood_bad,juror,25.0,40.0,25.0,40.0,5.0,6.0,6.0,6.0
6fc7b080,nano,3,traffic_bad,juror,10.0,80.0,10.0,80.0,4.0,6.0,5.0,4.0
6fc7b080,nano,3,traffic_good,juror,20.0,70.0,20.0,70.0,3.0,5.0,4.0,4.0
6fc7b080,nano,3,traffic_good,juror,10.0,70.0,10.0,70.0,2.0,5.0,3.0,2.0
6fc7b080,nano,3,flood_good,juror,30.0,40.0,30.0,40.0,3.0,4.0,4.0,3.0
6fc7b080,nano,3,flood_bad,juror,50.0,30.0,50.0,30.0,5.0,6.0,6.0,6.0
6fc7b080,nano,3,flood_bad,juror,30.0,20.0,30.0,20.0,5.0,6.0,6.0,5.0
6fc7b080,nano,3,traffic_bad,juror,10.0,80.0,10.0,80.0,2.0,5.0,5.0,4.0
6fc7b080,nano,3,traffic_bad,juror,20.0,80.0,20.0,80.0,3.0,5.0,5.0,4.0
6fc7b080,nano,3,traffic_bad,juror,30.0,70.0,30.0,70.0,5.0,5.0,5.0,5.0
6fc7b080,nano,3,flood_bad,juror,40.0,30.0,40.0,30.0,5.0,6.0,5.0,6.0
6fc7b080,nano,3,traffic_good,juror,20.0,70.0,20.0,70.0,2.0,4.0,3.0,2.0
6fc7b080,nano,3,traffic_good,juror,10.0,80.0,10.0,80.0,2.0,4.0,3.0,2.0
6fc7b080,nano,3,flood_good,juror,30.0,40.0,30.0,40.0,3.0,5.0,4.0,3.0
6fc7b080,nano,3,flood_good,juror,40.0,60.0,40.0,60.0,3.0,5.0,4.0,3.0
6fc7b080,nano,3,flood_good,juror,30.0,40.0,30.0,40.0,3.0,5.0,4.0,3.0
6fc7b080,nano,3,flood_bad,juror,30.0,40.0,30.0,40.0,5.0,6.0,6.0,5.0
6fc7b080,nano,3,traffic_bad,juror,25.0,70.0,25.0,70.0,5.0,5.0,6.0,5.0
6fc7b080,nano,3,traffic_good,juror,5.0,70.0,5.0,70.0,3.0,4.0,4.0,3.0
6fc7b080,nano,3,traffic_good,juror,30.0,80.0,30.0,80.0,3.0,4.0,4.0,3.0
6fc7b080,nano,3,flood_good,juror,30.0,20.0,30.0,20.0,3.0,4.0,4.0,3.0
6fc7b080,nano,3,traffic_bad,juror,30.0,80.0,30.0,80.0,3.0,5.0,5.0,4.0
6fc7b080,nano,3,flood_bad,juror,30.0,40.0,30.0,40.0,5.0,6.0,6.0,5.0
6fc7b080,nano,3,traffic_good,juror,30.0,80.0,30.0,80.0,3.0,4.0,4.0,3.0
6fc7b080,nano,3,flood_good,juror,30.0,40.0,30.0,40.0,3.0,4.0,5.0,3.0
6fc7b080,nano,3,traffic_bad,juror,5.0,90.0,5.0,90.0,5.0,6.0,6.0,5.0
6fc7b080,nano,3,flood_bad,juror,30.0,40.0,30.0,40.0,5.0,6.0,6.0,6.0
6fc7b080,nano,3,traffic_bad,juror,30.0,70.0,30.0,70.0,5.0,6.0,6.0,5.0
6fc7b080,nano,3,traffic_good,juror,5.0,80.0,5.0,80.0,3.0,4.0,4.0,3.0
6fc7b080,nano,3,traffic_good,juror,25.0,70.0,25.0,70.0,3.0,5.0,4.0,3.0
6fc7b080,nano,3,flood_bad,juror,30.0,40.0,30.0,40.0,6.0,5.0,6.0,6.0
6fc7b080,nano,3,flood_good,juror,40.0,60.0,40.0,60.0,3.0,4.0,4.0,3.0
6fc7b080,nano,3,traffic_bad,juror,10.0,90.0,10.0,90.0,5.0,6.0,6.0,5.0
6fc7b080,nano,3,flood_good,juror,30.0,40.0,30.0,40.0,3.0,4.0,4.0,3.0
6fc7b080,nano,3,traffic_bad,juror,30.0,80.0,30.0,80.0,6.0,5.0,5.0,5.0
6fc7b080,nano,3,traffic_good,juror,5.0,80.0,5.0,80.0,3.0,4.0,4.0,3.0
6fc7b080,nano,3,traffic_good,juror,15.0,80.0,15.0,80.0,3.0,5.0,4.0,3.0
6fc7b080,nano,3,flood_bad,juror,50.0,30.0,50.0,30.0,5.0,6.0,6.0,5.0
6fc7b080,nano,3,flood_bad,juror,20.0,30.0,20.0,30.0,5.0,6.0,6.0,5.0
6fc7b080,nano,3,flood_good,juror,25.0,40.0,25.0,40.0,3.0,5.0,4.0,3.0
6fc7b080,nano,3,flood_good,juror,50.0,30.0,50.0,30.0,4.0,5.0,4.0,3.0
6fc7b080,nano,3,traffic_good,juror,10.0,90.0,10.0,90.0,3.0,4.0,4.0,3.0
6fc7b080,nano,3,flood_good,juror,30.0,40.0,30.0,40.0,3.0,5.0,4.0,3.0
6fc7b080,nano,3,traffic_good,juror,25.0,80.0,25.0,80.0,3.0,4.0,5.0,3.0
6fc7b080,haiku,3,flood_bad,juror,60.0,80.0,60.0,80.0,6.0,6.0,6.0,5.0
6fc7b080,haiku,3,flood_good,juror,60.0,75.0,60.0,75.0,5.0,5.0,4.0,3.0
6fc7b080,haiku,3,flood_good,juror,60.0,70.0,60.0,70.0,4.0,5.0,5.0,3.0
6fc7b080,haiku,3,flood_bad,juror,60.0,70.0,60.0,70.0,6.0,6.0,6.0,5.0
6fc7b080,haiku,3,flood_bad,juror,60.0,70.0,60.0,70.0,6.0,6.0,6.0,5.0
6fc7b080,haiku,3,traffic_bad,juror,50.0,20.0,5.0,20.0,6.0,6.0,6.0,6.0
6fc7b080,haiku,3,traffic_good,juror,40.0,20.0,40.0,20.0,6.0,6.0,6.0,5.0
6fc7b080,haiku,3,flood_good,juror,60.0,70.0,60.0,70.0,5.0,5.0,5.0,3.0
6fc7b080,haiku,3,flood_good,juror,60.0,70.0,60.0,70.0,4.0,5.0,4.0,3.0
6fc7b080,haiku,3,flood_good,juror,60.0,70.0,60.0,70.0,4.0,5.0,4.0,3.0
6fc7b080,haiku,3,flood_bad,juror,60.0,80.0,60.0,80.0,6.0,6.0,6.0,5.0
6fc7b080,haiku,3,traffic_bad,juror,50.0,30.0,20.0,20.0,6.0,6.0,6.0,6.0
6fc7b080,haiku,3,traffic_good,juror,60.0,30.0,60.0,30.0,5.0,5.0,5.0,3.0
6fc7b080,haiku,3,traffic_good,juror,70.0,30.0,70.0,30.0,6.0,6.0,6.0,6.0
6fc7b080,haiku,3,flood_good,juror,60.0,80.0,60.0,80.0,5.0,5.0,5.0,3.0
6fc7b080,haiku,3,traffic_bad,juror,30.0,70.0,30.0,70.0,6.0,6.0,6.0,6.0
6fc7b080,haiku,3,traffic_bad,juror,60.0,40.0,60.0,40.0,6.0,6.0,6.0,6.0
6fc7b080,haiku,3,traffic_good,juror,40.0,70.0,40.0,70.0,6.0,6.0,6.0,5.0
6fc7b080,haiku,3,traffic_good,juror,30.0,60.0,30.0,60.0,6.0,6.0,6.0,5.0
6fc7b080,haiku,3,flood_good,juror,60.0,70.0,60.0,70.0,4.0,5.0,4.0,3.0
6fc7b080,haiku,3,flood_good,juror,60.0,70.0,60.0,70.0,4.0,4.0,4.0,2.0
6fc7b080,haiku,3,flood_bad,juror,60.0,80.0,60.0,80.0,6.0,6.0,6.0,5.0
6fc7b080,haiku,3,traffic_bad,juror,40.0,70.0,20.0,30.0,6.0,6.0,6.0,6.0
6fc7b080,haiku,3,flood_good,juror,60.0,75.0,60.0,75.0,5.0,5.0,5.0,4.0
6fc7b080,haiku,3,flood_bad,juror,60.0,80.0,60.0,80.0,6.0,6.0,6.0,5.0
6fc7b080,haiku,3,flood_bad,juror,60.0,70.0,60.0,70.0,6.0,6.0,6.0,5.0
6fc7b080,haiku,3,flood_good,juror,60.0,70.0,60.0,70.0,5.0,5.0,5.0,3.0
6fc7b080,haiku,3,traffic_good,juror,60.0,30.0,60.0,30.0,6.0,6.0,6.0,4.0
6fc7b080,haiku,3,flood_bad,juror,60.0,75.0,60.0,75.0,6.0,6.0,6.0,5.0
6fc7b080,haiku,3,flood_good,juror,60.0,70.0,60.0,70.0,5.0,5.0,5.0,3.0
6fc7b080,haiku,3,flood_bad,juror,60.0,70.0,60.0,70.0,6.0,6.0,6.0,5.0
6fc7b080,haiku,3,flood_good,juror,60.0,70.0,60.0,70.0,5.0,5.0,5.0,3.0
6fc7b080,haiku,3,flood_bad,juror,60.0,70.0,60.0,70.0,6.0,6.0,6.0,5.0
6fc7b080,haiku,3,traffic_bad,juror,60.0,40.0,60.0,40.0,6.0,6.0,6.0,6.0
6fc7b080,haiku,3,flood_bad,juror,60.0,80.0,60.0,80.0,6.0,6.0,6.0,5.0
6fc7b080,haiku,3,traffic_good,juror,30.0,70.0,40.0,50.0,6.0,6.0,6.0,6.0
6fc7b080,haiku,3,traffic_good,juror,50.0,70.0,20.0,50.0,6.0,6.0,6.0,5.0
6fc7b080,haiku,3,traffic_good,juror,60.0,30.0,70.0,20.0,6.0,6.0,6.0,5.0
6fc7b080,haiku,3,traffic_bad,juror,40.0,70.0,20.0,30.0,6.0,6.0,6.0,6.0
6fc7b080,haiku,3,traffic_good,juror,40.0,70.0,40.0,70.0,6.0,6.0,6.0,6.0
6fc7b080,haiku,3,traffic_good,juror,45.0,20.0,50.0,10.0,6.0,6.0,6.0,5.0
6fc7b080,haiku,3,traffic_good,juror,50.0,70.0,40.0,20.0,6.0,6.0,6.0,6.0
6fc7b080,haiku,3,traffic_bad,juror,40.0,60.0,40.0,60.0,6.0,6.0,6.0,6.0
6fc7b080,haiku,3,traffic_good,juror,40.0,75.0,60.0,25.0,6.0,6.0,6.0,4.0
6fc7b080,haiku,3,flood_bad,juror,60.0,70.0,60.0,70.0,6.0,6.0,6.0,6.0
6fc7b080,haiku,3,flood_good,juror,60.0,70.0,60.0,70.0,4.0,5.0,5.0,3.0
6fc7b080,haiku,3,flood_good,juror,60.0,80.0,60.0,80.0,5.0,5.0,5.0,3.0
6fc7b080,haiku,3,traffic_good,juror,30.0,70.0,40.0,60.0,6.0,5.0,5.0,4.0
6fc7b080,haiku,3,flood_good,juror,60.0,75.0,60.0,75.0,4.0,5.0,4.0,3.0
6fc7b080,haiku,3,flood_bad,juror,60.0,70.0,60.0,70.0,7.0,7.0,7.0,7.0
6fc7b080,haiku,3,flood_bad,juror,60.0,70.0,60.0,70.0,6.0,6.0,6.0,5.0
6fc7b080,haiku,3,traffic_good,juror,40.0,70.0,35.0,65.0,6.0,6.0,6.0,5.0
6fc7b080,haiku,3,traffic_good,juror,40.0,70.0,40.0,70.0,6.0,6.0,6.0,6.0
6fc7b080,haiku,3,flood_bad,juror,60.0,70.0,60.0,70.0,7.0,7.0,7.0,7.0
6fc7b080,haiku,3,traffic_bad,juror,60.0,30.0,60.0,30.0,6.0,6.0,6.0,6.0
6fc7b080,haiku,3,flood_good,juror,60.0,80.0,60.0,80.0,3.0,4.0,4.0,3.0
6fc7b080,haiku,3,traffic_bad,juror,40.0,70.0,40.0,70.0,6.0,6.0,6.0,5.0
6fc7b080,haiku,3,flood_good,juror,60.0,70.0,60.0,70.0,4.0,5.0,4.0,3.0
6fc7b080,haiku,3,flood_good,juror,60.0,70.0,60.0,70.0,4.0,5.0,4.0,3.0
6fc7b080,haiku,3,flood_good,juror,60.0,75.0,60.0,75.0,4.0,5.0,5.0,4.0
6fc7b080,haiku,3,traffic_bad,juror,60.0,30.0,60.0,30.0,7.0,7.0,7.0,7.0
6fc7b080,haiku,3,traffic_bad,juror,60.0,30.0,10.0,30.0,6.0,6.0,6.0,6.0
6fc7b080,haiku,3,flood_bad,juror,60.0,70.0,60.0,70.0,6.0,6.0,6.0,5.0
6fc7b080,haiku,3,traffic_bad,juror,30.0,70.0,30.0,70.0,7.0,7.0,7.0,7.0
6fc7b080,haiku,3,traffic_good,juror,70.0,30.0,80.0,20.0,6.0,6.0,6.0,5.0
6fc7b080,haiku,3,flood_good,juror,60.0,70.0,60.0,70.0,4.0,5.0,5.0,4.0
6fc7b080,haiku,3,flood_good,juror,60.0,70.0,60.0,70.0,4.0,5.0,4.0,3.0
6fc7b080,haiku,3,traffic_good,juror,40.0,75.0,40.0,75.0,6.0,6.0,6.0,5.0
6fc7b080,haiku,3,traffic_good,juror,60.0,30.0,70.0,20.0,6.0,6.0,6.0,6.0
6fc7b080,haiku,3,traffic_bad,juror,40.0,60.0,40.0,60.0,7.0,7.0,7.0,7.0
6fc7b080,haiku,3,flood_bad,juror,60.0,80.0,60.0,80.0,6.0,6.0,6.0,5.0
6fc7b080,haiku,3,traffic_good,juror,45.0,65.0,50.0,60.0,6.0,6.0,6.0,5.0
6fc7b080,haiku,3,traffic_bad,juror,30.0,60.0,30.0,60.0,5.0,6.0,6.0,5.0
6fc7b080,haiku,3,traffic_good,juror,60.0,30.0,60.0,30.0,6.0,6.0,6.0,6.0
6fc7b080,haiku,3,traffic_good,juror,70.0,20.0,70.0,20.0,6.0,6.0,6.0,5.0
6fc7b080,haiku,3,traffic_bad,juror,30.0,60.0,30.0,60.0,5.0,5.0,5.0,4.0
6fc7b080,haiku,3,flood_bad,juror,50.0,75.0,60.0,25.0,6.0,6.0,6.0,5.0
6fc7b080,haiku,3,flood_bad,juror,60.0,70.0,60.0,70.0,6.0,6.0,6.0,5.0
6fc7b080,haiku,3,traffic_good,juror,40.0,70.0,50.0,30.0,6.0,6.0,6.0,6.0
6fc7b080,haiku,3,flood_bad,juror,60.0,70.0,60.0,70.0,6.0,6.0,6.0,6.0
6fc7b080,haiku,3,flood_good,juror,60.0,70.0,60.0,70.0,4.0,5.0,4.0,3.0
6fc7b080,haiku,3,traffic_bad,juror,30.0,70.0,30.0,70.0,5.0,6.0,6.0,5.0
6fc7b080,haiku,3,traffic_good,juror,60.0,40.0,30.0,20.0,5.0,5.0,5.0,5.0
6fc7b080,haiku,3,flood_bad,juror,60.0,70.0,60.0,70.0,6.0,6.0,6.0,5.0
6fc7b080,haiku,3,traffic_bad,juror,40.0,70.0,40.0,70.0,6.0,6.0,6.0,6.0
6fc7b080,haiku,3,traffic_bad,juror,40.0,70.0,40.0,70.0,5.0,6.0,6.0,5.0
6fc7b080,haiku,3,flood_bad,juror,60.0,80.0,60.0,80.0,6.0,6.0,6.0,5.0
6fc7b080,haiku,3,traffic_bad,juror,45.0,60.0,45.0,60.0,6.0,6.0,6.0,5.0
6fc7b080,haiku,3,traffic_bad,juror,30.0,60.0,30.0,60.0,6.0,6.0,6.0,6.0
6fc7b080,haiku,3,flood_good,juror,60.0,70.0,60.0,70.0,5.0,5.0,5.0,3.0
6fc7b080,haiku,3,traffic_bad,juror,40.0,70.0,40.0,70.0,6.0,6.0,6.0,5.0
6fc7b080,haiku,3,traffic_good,juror,40.0,70.0,30.0,50.0,5.0,5.0,3.0,2.0
6fc7b080,haiku,3,flood_good,juror,60.0,70.0,60.0,70.0,4.0,5.0,4.0,3.0
6fc7b080,haiku,3,traffic_bad,juror,40.0,60.0,40.0,60.0,6.0,6.0,6.0,6.0
6fc7b080,haiku,3,traffic_bad,juror,40.0,70.0,40.0,70.0,6.0,6.0,6.0,6.0
6fc7b080,haiku,3,flood_bad,juror,60.0,70.0,60.0,70.0,6.0,6.0,6.0,5.0
6fc7b080,haiku,3,traffic_bad,juror,35.0,70.0,35.0,70.0,6.0,6.0,6.0,5.0
6fc7b080,haiku,3,flood_bad,juror,60.0,70.0,60.0,70.0,6.0,6.0,6.0,5.0
6fc7b080,haiku,3,flood_good,juror,60.0,75.0,60.0,75.0,3.0,4.0,4.0,3.0
6fc7b080,haiku,3,flood_bad,juror,60.0,80.0,60.0,80.0,6.0,6.0,6.0,6.0
6fc7b080,deepseek,3,flood_bad,juror,50.0,30.0,50.0,30.0,6.0,6.0,6.0,6.0
6fc7b080,deepseek,3,flood_good,juror,50.0,30.0,50.0,30.0,4.0,4.0,3.0,2.0
6fc7b080,deepseek,3,traffic_bad,juror,30.0,70.0,30.0,70.0,5.0,6.0,5.0,4.0
6fc7b080,deepseek,3,traffic_bad,juror,30.0,70.0,30.0,70.0,5.0,6.0,5.0,4.0
6fc7b080,deepseek,3,traffic_bad,juror,50.0,70.0,50.0,70.0,6.0,6.0,6.0,5.0
6fc7b080,deepseek,3,traffic_bad,juror,50.0,70.0,50.0,70.0,6.0,6.0,6.0,5.0
6fc7b080,deepseek,3,flood_bad,juror,50.0,30.0,50.0,30.0,6.0,6.0,6.0,6.0
6fc7b080,deepseek,3,traffic_bad,juror,30.0,70.0,30.0,70.0,6.0,6.0,5.0,4.0
6fc7b080,deepseek,3,traffic_bad,juror,30.0,70.0,30.0,70.0,6.0,6.0,5.0,4.0
6fc7b080,deepseek,3,traffic_bad,juror,30.0,70.0,30.0,70.0,6.0,6.0,5.0,4.0
6fc7b080,deepseek,3,flood_good,juror,50.0,30.0,50.0,30.0,4.0,4.0,3.0,2.0
6fc7b080,deepseek,3,traffic_bad,juror,30.0,70.0,30.0,70.0,6.0,6.0,5.0,4.0
6fc7b080,deepseek,3,flood_bad,juror,30.0,40.0,30.0,40.0,6.0,6.0,6.0,5.0
6fc7b080,deepseek,3,traffic_good,juror,30.0,70.0,30.0,70.0,2.0,3.0,2.0,1
6fc7b080,deepseek,3,flood_bad,juror,50.0,30.0,50.0,30.0,6.0,6.0,6.0,6.0
6fc7b080,deepseek,3,traffic_good,juror,30.0,70.0,30.0,70.0,3.0,3.0,2.0,1
6fc7b080,deepseek,3,flood_bad,juror,50.0,30.0,50.0,30.0,6.0,6.0,6.0,6.0
6fc7b080,deepseek,3,traffic_bad,juror,30.0,70.0,30.0,70.0,6.0,6.0,5.0,4.0
6fc7b080,deepseek,3,flood_bad,juror,50.0,30.0,50.0,30.0,6.0,6.0,6.0,6.0
6fc7b080,deepseek,3,traffic_bad,juror,30.0,70.0,30.0,70.0,6.0,6.0,5.0,4.0
6fc7b080,deepseek,3,flood_good,juror,50.0,30.0,50.0,30.0,4.0,5.0,3.0,2.0
6fc7b080,deepseek,3,flood_bad,juror,50.0,30.0,50.0,30.0,6.0,6.0,6.0,6.0
6fc7b080,deepseek,3,flood_bad,juror,50.0,30.0,50.0,30.0,6.0,6.0,6.0,6.0
6fc7b080,deepseek,3,traffic_bad,juror,50.0,70.0,50.0,70.0,6.0,6.0,5.0,4.0
6fc7b080,deepseek,3,traffic_good,juror,30.0,70.0,30.0,70.0,3.0,4.0,3.0,2.0
6fc7b080,deepseek,3,flood_bad,juror,50.0,30.0,50.0,30.0,6.0,6.0,6.0,6.0
6fc7b080,deepseek,3,flood_good,juror,50.0,30.0,50.0,30.0,3.0,4.0,3.0,2.0
6fc7b080,deepseek,3,traffic_bad,juror,30.0,70.0,30.0,70.0,5.0,6.0,5.0,4.0
6fc7b080,deepseek,3,flood_good,juror,30.0,40.0,30.0,40.0,3.0,4.0,3.0,2.0
6fc7b080,deepseek,3,flood_good,juror,30.0,40.0,30.0,40.0,3.0,4.0,3.0,2.0
6fc7b080,deepseek,3,flood_bad,juror,50.0,30.0,50.0,30.0,6.0,6.0,6.0,6.0
6fc7b080,deepseek,3,traffic_good,juror,30.0,70.0,30.0,70.0,3.0,4.0,3.0,2.0
6fc7b080,deepseek,3,traffic_bad,juror,30.0,70.0,30.0,70.0,6.0,6.0,5.0,4.0
6fc7b080,deepseek,3,traffic_good,juror,50.0,80.0,50.0,80.0,2.0,3.0,2.0,1
6fc7b080,deepseek,3,traffic_bad,juror,50.0,70.0,50.0,70.0,6.0,6.0,6.0,5.0
6fc7b080,deepseek,3,traffic_good,juror,30.0,70.0,30.0,70.0,2.0,3.0,2.0,1
6fc7b080,deepseek,3,flood_good,juror,50.0,30.0,50.0,30.0,4.0,4.0,3.0,2.0
6fc7b080,deepseek,3,traffic_bad,juror,30.0,70.0,30.0,70.0,5.0,6.0,5.0,4.0
6fc7b080,deepseek,3,flood_bad,juror,50.0,30.0,50.0,30.0,6.0,6.0,6.0,6.0
6fc7b080,deepseek,3,traffic_good,juror,30.0,70.0,30.0,70.0,3.0,4.0,3.0,2.0
6fc7b080,deepseek,3,traffic_good,juror,30.0,70.0,30.0,70.0,3.0,4.0,3.0,2.0
6fc7b080,deepseek,3,traffic_good,juror,30.0,70.0,30.0,70.0,3.0,4.0,3.0,2.0
6fc7b080,deepseek,3,flood_good,juror,50.0,30.0,50.0,30.0,4.0,5.0,3.0,2.0
6fc7b080,deepseek,3,flood_good,juror,50.0,30.0,50.0,30.0,4.0,4.0,3.0,2.0
6fc7b080,deepseek,3,flood_bad,juror,50.0,30.0,50.0,30.0,6.0,6.0,6.0,6.0
6fc7b080,deepseek,3,traffic_good,juror,50.0,70.0,50.0,70.0,3.0,4.0,3.0,2.0
6fc7b080,deepseek,3,flood_bad,juror,50.0,30.0,50.0,30.0,6.0,6.0,6.0,6.0
6fc7b080,deepseek,3,flood_bad,juror,50.0,30.0,50.0,30.0,6.0,6.0,6.0,6.0
6fc7b080,deepseek,3,flood_good,juror,50.0,30.0,50.0,30.0,4.0,4.0,3.0,2.0
6fc7b080,deepseek,3,flood_bad,juror,50.0,30.0,50.0,30.0,6.0,6.0,6.0,6.0
6fc7b080,deepseek,3,flood_good,juror,50.0,30.0,50.0,30.0,4.0,4.0,3.0,2.0
6fc7b080,deepseek,3,flood_good,juror,50.0,30.0,50.0,30.0,4.0,4.0,3.0,2.0
6fc7b080,deepseek,3,flood_good,juror,50.0,30.0,50.0,30.0,4.0,4.0,3.0,2.0
6fc7b080,deepseek,3,traffic_good,juror,30.0,70.0,30.0,70.0,3.0,4.0,3.0,2.0
6fc7b080,deepseek,3,flood_good,juror,50.0,30.0,50.0,30.0,4.0,4.0,3.0,2.0
6fc7b080,deepseek,3,traffic_bad,juror,30.0,70.0,30.0,70.0,5.0,6.0,5.0,4.0
6fc7b080,deepseek,3,flood_good,juror,50.0,30.0,50.0,30.0,4.0,4.0,3.0,2.0
6fc7b080,deepseek,3,traffic_good,juror,30.0,70.0,30.0,70.0,2.0,3.0,2.0,1
6fc7b080,deepseek,3,traffic_bad,juror,30.0,70.0,30.0,70.0,6.0,6.0,5.0,4.0
6fc7b080,deepseek,3,flood_bad,juror,50.0,30.0,50.0,30.0,6.0,6.0,6.0,6.0
6fc7b080,deepseek,3,traffic_good,juror,30.0,70.0,30.0,70.0,3.0,4.0,3.0,1
6fc7b080,deepseek,3,flood_bad,juror,50.0,30.0,50.0,30.0,6.0,6.0,6.0,6.0
6fc7b080,deepseek,3,traffic_bad,juror,30.0,70.0,30.0,70.0,6.0,6.0,5.0,4.0
6fc7b080,deepseek,3,flood_bad,juror,50.0,30.0,50.0,30.0,6.0,6.0,6.0,6.0
6fc7b080,deepseek,3,flood_good,juror,50.0,30.0,50.0,30.0,4.0,4.0,3.0,2.0
6fc7b080,deepseek,3,traffic_bad,juror,30.0,70.0,30.0,70.0,5.0,6.0,5.0,4.0
6fc7b080,deepseek,3,flood_bad,juror,50.0,30.0,50.0,30.0,6.0,6.0,6.0,6.0
6fc7b080,deepseek,3,traffic_good,juror,50.0,70.0,50.0,70.0,3.0,3.0,2.0,1
6fc7b080,deepseek,3,traffic_good,juror,30.0,70.0,30.0,70.0,2.0,3.0,2.0,1
6fc7b080,deepseek,3,flood_good,juror,50.0,30.0,50.0,30.0,4.0,5.0,3.0,2.0
6fc7b080,deepseek,3,traffic_good,juror,50.0,70.0,50.0,70.0,3.0,3.0,2.0,1
6fc7b080,deepseek,3,flood_good,juror,50.0,30.0,50.0,30.0,4.0,4.0,3.0,2.0
6fc7b080,deepseek,3,flood_bad,juror,50.0,30.0,50.0,30.0,6.0,6.0,6.0,6.0
6fc7b080,deepseek,3,flood_good,juror,50.0,30.0,50.0,30.0,4.0,5.0,3.0,2.0
6fc7b080,deepseek,3,flood_good,juror,50.0,30.0,50.0,30.0,4.0,4.0,3.0,2.0
6fc7b080,deepseek,3,flood_bad,juror,50.0,30.0,50.0,30.0,6.0,6.0,6.0,6.0
6fc7b080,deepseek,3,flood_bad,juror,30.0,40.0,30.0,40.0,6.0,6.0,6.0,5.0
6fc7b080,deepseek,3,traffic_bad,juror,50.0,70.0,50.0,70.0,5.0,6.0,5.0,4.0
6fc7b080,deepseek,3,traffic_good,juror,30.0,70.0,30.0,70.0,2.0,3.0,2.0,1
6fc7b080,deepseek,3,traffic_good,juror,30.0,70.0,30.0,70.0,2.0,3.0,2.0,1
6fc7b080,deepseek,3,traffic_good,juror,30.0,70.0,30.0,70.0,2.0,3.0,2.0,1
6fc7b080,deepseek,3,flood_good,juror,50.0,30.0,50.0,30.0,4.0,5.0,3.0,2.0
6fc7b080,deepseek,3,traffic_good,juror,30.0,70.0,30.0,70.0,2.0,3.0,2.0,1
6fc7b080,deepseek,3,flood_bad,juror,50.0,30.0,50.0,30.0,6.0,6.0,6.0,5.0
6fc7b080,deepseek,3,flood_good,juror,50.0,30.0,50.0,30.0,3.0,4.0,3.0,2.0
6fc7b080,deepseek,3,traffic_bad,juror,50.0,70.0,50.0,70.0,6.0,6.0,5.0,4.0
6fc7b080,deepseek,3,traffic_good,juror,50.0,70.0,50.0,70.0,3.0,3.0,2.0,1
6fc7b080,deepseek,3,flood_good,juror,50.0,30.0,50.0,30.0,4.0,4.0,3.0,2.0
6fc7b080,deepseek,3,traffic_bad,juror,30.0,70.0,30.0,70.0,6.0,6.0,5.0,4.0
6fc7b080,deepseek,3,traffic_good,juror,50.0,70.0,50.0,70.0,3.0,3.0,3.0,1
6fc7b080,deepseek,3,traffic_good,juror,30.0,70.0,30.0,70.0,3.0,4.0,3.0,2.0
6fc7b080,deepseek,3,flood_bad,juror,50.0,30.0,50.0,30.0,6.0,6.0,6.0,6.0
6fc7b080,deepseek,3,flood_bad,juror,50.0,30.0,50.0,30.0,6.0,6.0,6.0,6.0
6fc7b080,deepseek,3,traffic_good,juror,50.0,70.0,50.0,70.0,3.0,4.0,3.0,2.0
6fc7b080,deepseek,3,flood_good,juror,50.0,30.0,50.0,30.0,4.0,5.0,3.0,2.0
6fc7b080,deepseek,3,traffic_bad,juror,30.0,70.0,30.0,70.0,6.0,6.0,5.0,4.0
6fc7b080,deepseek,3,traffic_good,juror,30.0,70.0,30.0,70.0,3.0,4.0,3.0,2.0
6fc7b080,deepseek,3,traffic_bad,juror,30.0,70.0,30.0,70.0,6.0,6.0,5.0,4.0
6fc7b080,deepseek,3,flood_good,juror,50.0,30.0,50.0,30.0,3.0,4.0,3.0,2.0
6fc7b080,deepseek,3,traffic_bad,juror,50.0,70.0,50.0,70.0,6.0,6.0,6.0,5.0
386e0351,nano,3,traffic_good,juror,15.0,80.0,15.0,80.0,2.0,4.0,3.0,2.0
386e0351,nano,3,traffic_bad,juror,30.0,80.0,30.0,80.0,4.0,5.0,5.0,4.0
386e0351,nano,3,traffic_bad,juror,20.0,80.0,20.0,80.0,5.0,6.0,6.0,5.0
386e0351,nano,3,traffic_good,juror,20.0,80.0,20.0,80.0,2.0,5.0,4.0,3.0
386e0351,nano,3,flood_good,juror,30.0,40.0,30.0,40.0,3.0,5.0,4.0,3.0
386e0351,nano,3,traffic_bad,juror,5.0,85.0,5.0,85.0,5.0,6.0,6.0,5.0
386e0351,nano,3,flood_bad,juror,30.0,40.0,30.0,40.0,5.0,6.0,6.0,5.0
386e0351,nano,3,traffic_good,juror,10.0,80.0,10.0,80.0,2.0,5.0,3.0,4.0
386e0351,nano,3,flood_good,juror,30.0,60.0,30.0,60.0,3.0,5.0,4.0,3.0
386e0351,nano,3,traffic_bad,juror,15.0,70.0,15.0,70.0,5.0,5.0,5.0,5.0
386e0351,nano,3,flood_bad,juror,30.0,40.0,30.0,40.0,5.0,6.0,6.0,5.0
386e0351,nano,3,flood_good,juror,30.0,40.0,30.0,40.0,3.0,4.0,4.0,3.0
386e0351,nano,3,flood_bad,juror,20.0,40.0,20.0,40.0,5.0,6.0,6.0,6.0
386e0351,nano,3,traffic_bad,juror,15.0,80.0,15.0,80.0,5.0,6.0,6.0,5.0
386e0351,nano,3,traffic_bad,juror,15.0,80.0,15.0,80.0,3.0,4.0,5.0,4.0
386e0351,nano,3,flood_bad,juror,30.0,50.0,30.0,50.0,5.0,6.0,6.0,5.0
386e0351,nano,3,flood_bad,juror,40.0,30.0,40.0,30.0,5.0,6.0,6.0,5.0
386e0351,nano,3,flood_bad,juror,30.0,40.0,30.0,40.0,5.0,6.0,6.0,5.0
386e0351,nano,3,traffic_bad,juror,10.0,70.0,10.0,70.0,3.0,5.0,5.0,4.0
386e0351,nano,3,flood_bad,juror,40.0,30.0,40.0,30.0,6.0,5.0,6.0,5.0
386e0351,nano,3,traffic_bad,juror,5.0,85.0,5.0,85.0,5.0,5.0,5.0,5.0
386e0351,nano,3,traffic_good,juror,20.0,80.0,20.0,80.0,3.0,4.0,5.0,4.0
386e0351,nano,3,flood_good,juror,30.0,60.0,30.0,60.0,3.0,4.0,3.0,4.0
386e0351,nano,3,traffic_bad,juror,25.0,80.0,25.0,80.0,5.0,6.0,6.0,5.0
386e0351,nano,3,traffic_good,juror,30.0,80.0,30.0,80.0,2.0,5.0,4.0,3.0
386e0351,nano,3,flood_good,juror,50.0,30.0,50.0,30.0,3.0,5.0,4.0,3.0
386e0351,nano,3,flood_good,juror,40.0,30.0,40.0,30.0,3.0,4.0,4.0,3.0
386e0351,nano,3,traffic_bad,juror,10.0,80.0,10.0,80.0,4.0,5.0,5.0,4.0
386e0351,nano,3,flood_bad,juror,20.0,40.0,20.0,40.0,5.0,6.0,6.0,5.0
386e0351,nano,3,traffic_good,juror,30.0,80.0,30.0,80.0,2.0,5.0,4.0,3.0
386e0351,nano,3,traffic_good,juror,30.0,70.0,30.0,70.0,3.0,5.0,4.0,3.0
386e0351,nano,3,traffic_good,juror,20.0,80.0,20.0,80.0,2.0,3.0,3.0,2.0
386e0351,nano,3,flood_good,juror,40.0,30.0,40.0,30.0,3.0,4.0,4.0,3.0
386e0351,nano,3,flood_bad,juror,50.0,40.0,50.0,40.0,5.0,6.0,6.0,5.0
386e0351,nano,3,traffic_bad,juror,30.0,80.0,30.0,80.0,3.0,5.0,5.0,4.0
386e0351,nano,3,flood_good,juror,40.0,30.0,40.0,30.0,3.0,4.0,4.0,3.0
386e0351,nano,3,traffic_good,juror,10.0,90.0,10.0,90.0,2.0,4.0,3.0,2.0
386e0351,nano,3,traffic_bad,juror,20.0,70.0,20.0,70.0,5.0,6.0,6.0,5.0
386e0351,nano,3,flood_bad,juror,30.0,40.0,30.0,40.0,5.0,6.0,6.0,5.0
386e0351,nano,3,flood_bad,juror,30.0,40.0,30.0,40.0,5.0,6.0,6.0,5.0
386e0351,nano,3,traffic_good,juror,30.0,80.0,30.0,80.0,3.0,4.0,4.0,3.0
386e0351,nano,3,flood_good,juror,30.0,20.0,30.0,20.0,3.0,4.0,5.0,4.0
386e0351,nano,3,flood_good,juror,70.0,40.0,70.0,40.0,4.0,5.0,5.0,4.0
386e0351,nano,3,flood_bad,juror,30.0,40.0,30.0,40.0,5.0,6.0,6.0,5.0
386e0351,nano,3,flood_bad,juror,60.0,30.0,60.0,30.0,5.0,6.0,6.0,5.0
386e0351,nano,3,traffic_good,juror,25.0,70.0,25.0,70.0,2.0,4.0,4.0,3.0
386e0351,nano,3,traffic_good,juror,30.0,70.0,30.0,70.0,3.0,4.0,4.0,3.0
386e0351,nano,3,flood_good,juror,30.0,20.0,30.0,20.0,3.0,5.0,4.0,3.0
386e0351,nano,3,traffic_good,juror,25.0,80.0,25.0,80.0,2.0,4.0,3.0,2.0
386e0351,nano,3,traffic_good,juror,25.0,70.0,25.0,70.0,3.0,5.0,4.0,3.0
386e0351,nano,3,traffic_good,juror,10.0,80.0,10.0,80.0,2.0,4.0,3.0,2.0
386e0351,nano,3,flood_good,juror,30.0,40.0,30.0,40.0,3.0,4.0,4.0,3.0
386e0351,nano,3,traffic_good,juror,15.0,80.0,15.0,80.0,3.0,5.0,4.0,3.0
386e0351,nano,3,flood_bad,juror,25.0,30.0,25.0,30.0,5.0,6.0,6.0,6.0
386e0351,nano,3,flood_good,juror,30.0,40.0,30.0,40.0,3.0,5.0,4.0,3.0
386e0351,nano,3,traffic_bad,juror,30.0,70.0,30.0,70.0,5.0,6.0,6.0,5.0
386e0351,nano,3,flood_good,juror,40.0,30.0,40.0,30.0,3.0,5.0,4.0,3.0
386e0351,nano,3,flood_bad,juror,40.0,30.0,40.0,30.0,5.0,6.0,6.0,5.0
386e0351,nano,3,flood_bad,juror,30.0,40.0,30.0,40.0,5.0,6.0,6.0,5.0
386e0351,nano,3,traffic_bad,juror,25.0,80.0,25.0,80.0,6.0,5.0,6.0,5.0
386e0351,nano,3,traffic_bad,juror,20.0,70.0,20.0,70.0,5.0,6.0,6.0,5.0
386e0351,nano,3,traffic_bad,juror,5.0,70.0,5.0,70.0,5.0,5.0,5.0,5.0
386e0351,nano,3,traffic_good,juror,10.0,90.0,10.0,90.0,3.0,4.0,4.0,3.0
386e0351,nano,3,traffic_bad,juror,5.0,70.0,5.0,70.0,5.0,6.0,6.0,5.0
386e0351,nano,3,flood_good,juror,30.0,40.0,30.0,40.0,3.0,4.0,4.0,3.0
386e0351,nano,3,traffic_bad,juror,30.0,80.0,30.0,80.0,3.0,6.0,5.0,4.0
386e0351,nano,3,flood_bad,juror,40.0,30.0,40.0,30.0,5.0,6.0,5.0,6.0
386e0351,nano,3,traffic_good,juror,20.0,70.0,20.0,70.0,3.0,5.0,4.0,3.0
386e0351,nano,3,traffic_good,juror,20.0,80.0,20.0,80.0,3.0,4.0,4.0,3.0
386e0351,nano,3,traffic_good,juror,25.0,70.0,25.0,70.0,3.0,5.0,5.0,4.0
386e0351,nano,3,flood_bad,juror,40.0,60.0,40.0,60.0,5.0,6.0,6.0,5.0
386e0351,nano,3,flood_bad,juror,30.0,50.0,30.0,50.0,6.0,5.0,6.0,5.0
386e0351,nano,3,flood_bad,juror,50.0,30.0,50.0,30.0,6.0,5.0,6.0,5.0
386e0351,nano,3,traffic_bad,juror,25.0,75.0,25.0,75.0,5.0,6.0,6.0,5.0
386e0351,nano,3,flood_good,juror,20.0,30.0,20.0,30.0,3.0,5.0,4.0,3.0
386e0351,nano,3,flood_good,juror,50.0,30.0,50.0,30.0,3.0,4.0,4.0,3.0
386e0351,nano,3,traffic_good,juror,5.0,75.0,5.0,75.0,3.0,5.0,4.0,3.0
386e0351,nano,3,flood_good,juror,20.0,30.0,20.0,30.0,3.0,5.0,4.0,3.0
386e0351,nano,3,traffic_bad,juror,10.0,80.0,10.0,80.0,5.0,6.0,6.0,5.0
386e0351,nano,3,flood_bad,juror,50.0,30.0,50.0,30.0,5.0,6.0,6.0,5.0
386e0351,nano,3,flood_good,juror,50.0,30.0,50.0,30.0,3.0,4.0,4.0,3.0
386e0351,nano,3,traffic_good,juror,5.0,85.0,5.0,85.0,2.0,4.0,3.0,2.0
386e0351,nano,3,traffic_good,juror,20.0,70.0,20.0,70.0,3.0,4.0,5.0,4.0
386e0351,nano,3,flood_good,juror,20.0,50.0,20.0,50.0,3.0,5.0,4.0,3.0
386e0351,nano,3,traffic_bad,juror,10.0,80.0,10.0,80.0,3.0,5.0,4.0,5.0
386e0351,nano,3,traffic_bad,juror,30.0,70.0,30.0,70.0,5.0,6.0,5.0,4.0
386e0351,nano,3,traffic_bad,juror,5.0,70.0,5.0,70.0,5.0,5.0,5.0,5.0
386e0351,nano,3,traffic_bad,juror,15.0,80.0,15.0,80.0,5.0,6.0,6.0,5.0
386e0351,nano,3,flood_good,juror,30.0,50.0,30.0,50.0,3.0,4.0,4.0,3.0
386e0351,nano,3,traffic_good,juror,15.0,85.0,15.0,85.0,3.0,4.0,4.0,3.0
386e0351,nano,3,traffic_good,juror,20.0,70.0,20.0,70.0,3.0,4.0,4.0,3.0
386e0351,nano,3,traffic_bad,juror,20.0,80.0,20.0,80.0,5.0,5.0,5.0,5.0
386e0351,nano,3,flood_bad,juror,30.0,20.0,30.0,20.0,5.0,6.0,6.0,5.0
386e0351,nano,3,flood_good,juror,30.0,60.0,30.0,60.0,4.0,5.0,4.0,3.0
386e0351,nano,3,flood_bad,juror,20.0,40.0,20.0,40.0,5.0,6.0,6.0,5.0
386e0351,nano,3,flood_good,juror,30.0,40.0,30.0,40.0,3.0,4.0,4.0,3.0
386e0351,nano,3,flood_bad,juror,50.0,30.0,50.0,30.0,5.0,6.0,6.0,5.0
386e0351,nano,3,flood_good,juror,30.0,50.0,30.0,50.0,3.0,4.0,4.0,3.0
386e0351,nano,3,flood_bad,juror,30.0,40.0,30.0,40.0,5.0,6.0,6.0,6.0
386e0351,nano,3,flood_good,juror,45.0,20.0,45.0,20.0,4.0,5.0,4.0,3.0
386e0351,haiku,3,flood_good,juror,60.0,70.0,60.0,70.0,4.0,5.0,4.0,3.0
386e0351,haiku,3,traffic_bad,juror,30.0,60.0,30.0,60.0,5.0,5.0,5.0,5.0
386e0351,haiku,3,flood_bad,juror,60.0,70.0,60.0,70.0,6.0,6.0,6.0,5.0
386e0351,haiku,3,traffic_good,juror,30.0,70.0,40.0,60.0,6.0,6.0,6.0,5.0
386e0351,haiku,3,flood_good,juror,60.0,70.0,60.0,70.0,5.0,5.0,5.0,3.0
386e0351,haiku,3,traffic_good,juror,60.0,40.0,70.0,30.0,6.0,6.0,6.0,6.0
386e0351,haiku,3,flood_good,juror,60.0,70.0,60.0,70.0,4.0,5.0,4.0,3.0
386e0351,haiku,3,flood_bad,juror,60.0,70.0,60.0,70.0,6.0,6.0,6.0,5.0
386e0351,haiku,3,flood_bad,juror,60.0,75.0,60.0,75.0,6.0,6.0,6.0,6.0
386e0351,haiku,3,flood_good,juror,60.0,70.0,60.0,70.0,5.0,5.0,5.0,3.0
386e0351,haiku,3,flood_bad,juror,60.0,70.0,60.0,70.0,6.0,6.0,6.0,5.0
386e0351,haiku,3,flood_good,juror,60.0,70.0,60.0,70.0,5.0,5.0,5.0,3.0
386e0351,haiku,3,traffic_bad,juror,40.0,75.0,20.0,30.0,6.0,6.0,6.0,6.0
386e0351,haiku,3,traffic_bad,juror,30.0,70.0,30.0,70.0,6.0,6.0,6.0,6.0
386e0351,haiku,3,traffic_bad,juror,30.0,60.0,30.0,60.0,6.0,6.0,6.0,6.0
386e0351,haiku,3,flood_good,juror,60.0,70.0,60.0,70.0,4.0,5.0,5.0,3.0
386e0351,haiku,3,traffic_bad,juror,60.0,40.0,60.0,40.0,7.0,7.0,7.0,7.0
386e0351,haiku,3,flood_good,juror,60.0,70.0,60.0,70.0,5.0,5.0,5.0,3.0
386e0351,haiku,3,flood_bad,juror,60.0,70.0,60.0,70.0,6.0,6.0,6.0,5.0
386e0351,haiku,3,traffic_bad,juror,40.0,70.0,40.0,70.0,6.0,6.0,6.0,6.0
386e0351,haiku,3,traffic_good,juror,30.0,70.0,30.0,70.0,6.0,6.0,6.0,5.0
386e0351,haiku,3,traffic_good,juror,25.0,75.0,25.0,75.0,5.0,5.0,5.0,4.0
386e0351,haiku,3,traffic_good,juror,40.0,75.0,50.0,25.0,6.0,6.0,6.0,6.0
386e0351,haiku,3,flood_good,juror,60.0,70.0,60.0,70.0,5.0,5.0,5.0,3.0
386e0351,haiku,3,flood_good,juror,60.0,80.0,60.0,80.0,4.0,4.0,4.0,3.0
386e0351,haiku,3,flood_bad,juror,60.0,70.0,60.0,70.0,6.0,6.0,6.0,5.0
386e0351,haiku,3,flood_bad,juror,60.0,80.0,60.0,80.0,6.0,6.0,6.0,6.0
386e0351,haiku,3,traffic_good,juror,60.0,40.0,70.0,30.0,6.0,6.0,6.0,4.0
386e0351,haiku,3,flood_good,juror,60.0,70.0,60.0,70.0,5.0,6.0,5.0,3.0
386e0351,haiku,3,flood_good,juror,60.0,70.0,60.0,70.0,5.0,5.0,5.0,3.0
386e0351,haiku,3,flood_bad,juror,60.0,70.0,60.0,70.0,6.0,6.0,6.0,5.0
386e0351,haiku,3,flood_good,juror,60.0,70.0,60.0,70.0,4.0,5.0,5.0,4.0
386e0351,haiku,3,flood_bad,juror,60.0,75.0,60.0,75.0,6.0,6.0,6.0,5.0
386e0351,haiku,3,traffic_good,juror,50.0,80.0,30.0,70.0,6.0,6.0,6.0,5.0
386e0351,haiku,3,traffic_bad,juror,45.0,70.0,45.0,70.0,5.0,5.0,5.0,3.0
386e0351,haiku,3,flood_bad,juror,60.0,70.0,60.0,70.0,6.0,6.0,6.0,6.0
386e0351,haiku,3,flood_bad,juror,60.0,70.0,60.0,70.0,7.0,7.0,7.0,7.0
386e0351,haiku,3,traffic_good,juror,60.0,30.0,60.0,30.0,6.0,6.0,6.0,5.0
386e0351,haiku,3,flood_bad,juror,60.0,70.0,60.0,70.0,6.0,6.0,6.0,5.0
386e0351,haiku,3,flood_good,juror,60.0,80.0,60.0,80.0,5.0,5.0,5.0,3.0
386e0351,haiku,3,traffic_bad,juror,30.0,60.0,30.0,60.0,6.0,6.0,6.0,6.0
386e0351,haiku,3,traffic_good,juror,40.0,70.0,50.0,30.0,6.0,6.0,6.0,4.0
386e0351,haiku,3,flood_good,juror,60.0,70.0,60.0,70.0,5.0,5.0,5.0,3.0
386e0351,haiku,3,traffic_good,juror,30.0,70.0,40.0,60.0,6.0,6.0,6.0,5.0
386e0351,haiku,3,traffic_good,juror,60.0,40.0,70.0,30.0,6.0,6.0,6.0,6.0
386e0351,haiku,3,traffic_bad,juror,60.0,30.0,60.0,30.0,7.0,7.0,7.0,7.0
386e0351,haiku,3,traffic_good,juror,60.0,30.0,70.0,20.0,6.0,6.0,6.0,6.0
386e0351,haiku,3,traffic_bad,juror,40.0,70.0,40.0,70.0,6.0,6.0,6.0,6.0
386e0351,haiku,3,traffic_bad,juror,40.0,80.0,40.0,80.0,5.0,6.0,6.0,5.0
386e0351,haiku,3,traffic_bad,juror,60.0,30.0,60.0,30.0,6.0,6.0,6.0,6.0
386e0351,haiku,3,traffic_bad,juror,60.0,40.0,60.0,40.0,6.0,6.0,6.0,6.0
386e0351,haiku,3,flood_bad,juror,60.0,75.0,60.0,75.0,6.0,6.0,6.0,5.0
386e0351,haiku,3,traffic_good,juror,50.0,20.0,60.0,15.0,5.0,5.0,5.0,3.0
386e0351,haiku,3,flood_bad,juror,60.0,80.0,60.0,80.0,5.0,6.0,6.0,5.0
386e0351,haiku,3,traffic_bad,juror,50.0,20.0,25.0,20.0,6.0,6.0,6.0,5.0
386e0351,haiku,3,flood_bad,juror,60.0,70.0,60.0,70.0,6.0,6.0,6.0,5.0
386e0351,haiku,3,flood_bad,juror,60.0,70.0,60.0,70.0,6.0,6.0,6.0,5.0
386e0351,haiku,3,traffic_good,juror,30.0,70.0,30.0,70.0,6.0,6.0,6.0,5.0
386e0351,haiku,3,flood_bad,juror,60.0,70.0,60.0,70.0,6.0,6.0,6.0,5.0
386e0351,haiku,3,traffic_bad,juror,40.0,75.0,40.0,75.0,5.0,6.0,5.0,4.0
386e0351,haiku,3,flood_good,juror,60.0,70.0,60.0,70.0,4.0,5.0,4.0,3.0
386e0351,haiku,3,flood_good,juror,60.0,80.0,60.0,80.0,4.0,5.0,5.0,3.0
386e0351,haiku,3,flood_bad,juror,60.0,70.0,60.0,70.0,6.0,6.0,6.0,5.0
386e0351,haiku,3,flood_bad,juror,60.0,70.0,60.0,70.0,6.0,6.0,6.0,5.0
386e0351,haiku,3,traffic_bad,juror,60.0,30.0,20.0,30.0,5.0,5.0,5.0,5.0
386e0351,haiku,3,flood_bad,juror,60.0,80.0,60.0,80.0,6.0,6.0,6.0,5.0
386e0351,haiku,3,flood_good,juror,60.0,80.0,60.0,80.0,5.0,5.0,5.0,3.0
386e0351,haiku,3,flood_good,juror,60.0,70.0,60.0,70.0,4.0,5.0,4.0,3.0
386e0351,haiku,3,flood_good,juror,60.0,70.0,60.0,70.0,5.0,5.0,5.0,3.0
386e0351,haiku,3,traffic_bad,juror,40.0,70.0,40.0,70.0,6.0,6.0,6.0,6.0
386e0351,haiku,3,flood_bad,juror,60.0,70.0,60.0,70.0,6.0,6.0,6.0,5.0
386e0351,haiku,3,traffic_bad,juror,60.0,40.0,60.0,40.0,6.0,6.0,6.0,6.0
386e0351,haiku,3,flood_good,juror,50.0,70.0,50.0,70.0,4.0,5.0,4.0,3.0
386e0351,haiku,3,flood_good,juror,60.0,70.0,60.0,70.0,5.0,5.0,4.0,3.0
386e0351,haiku,3,flood_bad,juror,60.0,75.0,60.0,75.0,6.0,6.0,6.0,5.0
386e0351,haiku,3,traffic_good,juror,30.0,70.0,30.0,70.0,6.0,6.0,6.0,5.0
386e0351,haiku,3,traffic_bad,juror,40.0,70.0,40.0,70.0,6.0,6.0,6.0,6.0
386e0351,haiku,3,traffic_good,juror,40.0,60.0,40.0,60.0,6.0,6.0,6.0,6.0
386e0351,haiku,3,flood_good,juror,60.0,70.0,60.0,70.0,4.0,5.0,4.0,3.0
386e0351,haiku,3,traffic_bad,juror,35.0,75.0,35.0,75.0,7.0,7.0,7.0,7.0
386e0351,haiku,3,traffic_good,juror,30.0,70.0,40.0,50.0,6.0,6.0,6.0,5.0
386e0351,haiku,3,traffic_bad,juror,30.0,60.0,30.0,60.0,6.0,6.0,6.0,6.0
386e0351,haiku,3,flood_good,juror,60.0,70.0,60.0,70.0,5.0,5.0,5.0,3.0
386e0351,haiku,3,flood_bad,juror,60.0,70.0,60.0,70.0,6.0,6.0,6.0,6.0
386e0351,haiku,3,traffic_bad,juror,30.0,70.0,30.0,70.0,6.0,6.0,6.0,6.0
386e0351,haiku,3,flood_bad,juror,60.0,75.0,60.0,75.0,6.0,6.0,6.0,6.0
386e0351,haiku,3,traffic_good,juror,40.0,70.0,40.0,70.0,5.0,5.0,5.0,4.0
386e0351,haiku,3,traffic_good,juror,50.0,70.0,25.0,50.0,6.0,6.0,6.0,5.0
386e0351,haiku,3,flood_good,juror,60.0,75.0,60.0,75.0,3.0,4.0,4.0,3.0
386e0351,haiku,3,traffic_good,juror,40.0,75.0,60.0,25.0,6.0,6.0,6.0,6.0
386e0351,haiku,3,traffic_good,juror,45.0,25.0,50.0,15.0,6.0,6.0,6.0,4.0
386e0351,haiku,3,traffic_good,juror,30.0,70.0,20.0,70.0,6.0,6.0,6.0,4.0
386e0351,haiku,3,flood_good,juror,60.0,70.0,60.0,70.0,4.0,5.0,5.0,3.0
386e0351,haiku,3,traffic_good,juror,50.0,20.0,30.0,30.0,6.0,6.0,6.0,6.0
386e0351,haiku,3,flood_bad,juror,50.0,70.0,65.0,30.0,6.0,6.0,6.0,5.0
386e0351,haiku,3,traffic_bad,juror,30.0,70.0,30.0,70.0,5.0,6.0,6.0,5.0
386e0351,haiku,3,traffic_good,juror,60.0,30.0,70.0,20.0,6.0,6.0,6.0,5.0
386e0351,haiku,3,traffic_good,juror,60.0,30.0,60.0,30.0,6.0,6.0,6.0,6.0
386e0351,haiku,3,traffic_bad,juror,40.0,70.0,40.0,70.0,6.0,6.0,6.0,6.0
386e0351,haiku,3,traffic_bad,juror,60.0,30.0,20.0,20.0,6.0,6.0,6.0,6.0
386e0351,deepseek,3,flood_bad,juror,50.0,30.0,50.0,30.0,6.0,6.0,6.0,6.0
386e0351,deepseek,3,traffic_bad,juror,50.0,70.0,50.0,70.0,6.0,6.0,5.0,4.0
386e0351,deepseek,3,traffic_bad,juror,30.0,70.0,30.0,70.0,6.0,6.0,5.0,4.0
386e0351,deepseek,3,flood_bad,juror,40.0,30.0,40.0,30.0,6.0,6.0,6.0,6.0
386e0351,deepseek,3,traffic_bad,juror,30.0,70.0,30.0,70.0,6.0,6.0,5.0,4.0
386e0351,deepseek,3,traffic_good,juror,50.0,70.0,50.0,70.0,3.0,4.0,2.0,1
386e0351,deepseek,3,flood_good,juror,50.0,30.0,50.0,30.0,4.0,4.0,3.0,2.0
386e0351,deepseek,3,flood_bad,juror,50.0,30.0,50.0,30.0,6.0,6.0,6.0,6.0
386e0351,deepseek,3,flood_bad,juror,50.0,30.0,50.0,30.0,6.0,6.0,6.0,5.0
386e0351,deepseek,3,flood_bad,juror,30.0,40.0,30.0,40.0,6.0,6.0,6.0,6.0
386e0351,deepseek,3,traffic_bad,juror,30.0,70.0,30.0,70.0,6.0,6.0,5.0,4.0
386e0351,deepseek,3,flood_bad,juror,50.0,30.0,50.0,30.0,6.0,6.0,6.0,6.0
386e0351,deepseek,3,traffic_bad,juror,30.0,70.0,30.0,70.0,5.0,6.0,5.0,4.0
386e0351,deepseek,3,traffic_bad,juror,30.0,70.0,30.0,70.0,6.0,6.0,6.0,5.0
386e0351,deepseek,3,traffic_bad,juror,30.0,70.0,30.0,70.0,6.0,6.0,5.0,4.0
386e0351,deepseek,3,flood_good,juror,50.0,30.0,50.0,30.0,4.0,5.0,3.0,2.0
386e0351,deepseek,3,flood_bad,juror,30.0,40.0,30.0,40.0,6.0,6.0,6.0,6.0
386e0351,deepseek,3,traffic_bad,juror,30.0,70.0,30.0,70.0,5.0,6.0,5.0,4.0
386e0351,deepseek,3,flood_good,juror,50.0,30.0,50.0,30.0,4.0,4.0,3.0,2.0
386e0351,deepseek,3,flood_bad,juror,50.0,30.0,50.0,30.0,6.0,6.0,6.0,6.0
386e0351,deepseek,3,traffic_bad,juror,30.0,70.0,30.0,70.0,6.0,6.0,5.0,4.0
386e0351,deepseek,3,flood_good,juror,50.0,30.0,50.0,30.0,4.0,4.0,3.0,2.0
386e0351,deepseek,3,flood_good,juror,30.0,40.0,30.0,40.0,3.0,4.0,3.0,2.0
386e0351,deepseek,3,traffic_bad,juror,30.0,70.0,30.0,70.0,6.0,6.0,5.0,4.0
386e0351,deepseek,3,traffic_bad,juror,30.0,70.0,30.0,70.0,5.0,6.0,5.0,4.0
386e0351,deepseek,3,traffic_good,juror,50.0,70.0,50.0,70.0,3.0,3.0,2.0,1
386e0351,deepseek,3,flood_bad,juror,50.0,30.0,50.0,30.0,6.0,6.0,6.0,6.0
386e0351,deepseek,3,traffic_good,juror,30.0,70.0,30.0,70.0,3.0,3.0,2.0,1
386e0351,deepseek,3,traffic_good,juror,50.0,70.0,50.0,70.0,3.0,4.0,3.0,2.0
386e0351,deepseek,3,traffic_good,juror,30.0,70.0,30.0,70.0,2.0,3.0,2.0,1
386e0351,deepseek,3,flood_bad,juror,50.0,30.0,50.0,30.0,6.0,6.0,6.0,6.0
386e0351,deepseek,3,flood_bad,juror,50.0,30.0,50.0,30.0,6.0,6.0,6.0,6.0
386e0351,deepseek,3,flood_bad,juror,40.0,30.0,40.0,30.0,6.0,6.0,6.0,6.0
386e0351,deepseek,3,traffic_good,juror,30.0,70.0,30.0,70.0,3.0,4.0,3.0,2.0
386e0351,deepseek,3,flood_bad,juror,50.0,30.0,50.0,30.0,6.0,6.0,6.0,6.0
386e0351,deepseek,3,traffic_good,juror,30.0,70.0,30.0,70.0,3.0,4.0,3.0,2.0
386e0351,deepseek,3,traffic_good,juror,30.0,70.0,30.0,70.0,3.0,4.0,3.0,2.0
386e0351,deepseek,3,traffic_bad,juror,30.0,70.0,30.0,70.0,6.0,6.0,5.0,4.0
386e0351,deepseek,3,traffic_good,juror,30.0,70.0,30.0,70.0,3.0,4.0,3.0,2.0
386e0351,deepseek,3,traffic_good,juror,50.0,70.0,50.0,70.0,3.0,4.0,3.0,2.0
386e0351,deepseek,3,traffic_good,juror,30.0,70.0,30.0,70.0,3.0,3.0,2.0,1
386e0351,deepseek,3,traffic_bad,juror,50.0,70.0,50.0,70.0,5.0,6.0,5.0,4.0
386e0351,deepseek,3,flood_good,juror,50.0,30.0,50.0,30.0,4.0,4.0,3.0,2.0
386e0351,deepseek,3,flood_bad,juror,50.0,30.0,50.0,30.0,6.0,6.0,6.0,6.0
386e0351,deepseek,3,flood_good,juror,50.0,30.0,50.0,30.0,4.0,4.0,3.0,2.0
386e0351,deepseek,3,flood_bad,juror,50.0,30.0,50.0,30.0,6.0,6.0,6.0,6.0
386e0351,deepseek,3,traffic_bad,juror,30.0,70.0,30.0,70.0,5.0,6.0,5.0,4.0
386e0351,deepseek,3,flood_bad,juror,50.0,30.0,50.0,30.0,6.0,6.0,6.0,6.0
386e0351,deepseek,3,flood_good,juror,50.0,30.0,50.0,30.0,4.0,5.0,3.0,2.0
386e0351,deepseek,3,flood_good,juror,50.0,30.0,50.0,30.0,4.0,4.0,3.0,2.0
386e0351,deepseek,3,traffic_good,juror,30.0,70.0,30.0,70.0,3.0,4.0,3.0,2.0
386e0351,deepseek,3,traffic_good,juror,30.0,70.0,30.0,70.0,3.0,3.0,2.0,1
386e0351,deepseek,3,traffic_bad,juror,30.0,70.0,30.0,70.0,5.0,6.0,5.0,4.0
386e0351,deepseek,3,traffic_good,juror,30.0,70.0,30.0,70.0,3.0,4.0,3.0,2.0
386e0351,deepseek,3,traffic_bad,juror,30.0,70.0,30.0,70.0,6.0,6.0,5.0,4.0
386e0351,deepseek,3,traffic_bad,juror,50.0,70.0,50.0,70.0,5.0,6.0,5.0,4.0
386e0351,deepseek,3,traffic_good,juror,20.0,80.0,20.0,80.0,3.0,4.0,3.0,2.0
386e0351,deepseek,3,flood_bad,juror,50.0,30.0,50.0,30.0,6.0,6.0,6.0,5.0
386e0351,deepseek,3,traffic_good,juror,30.0,70.0,30.0,70.0,3.0,4.0,3.0,2.0
386e0351,deepseek,3,traffic_good,juror,30.0,70.0,30.0,70.0,3.0,4.0,3.0,2.0
386e0351,deepseek,3,flood_good,juror,50.0,30.0,50.0,30.0,3.0,4.0,3.0,2.0
386e0351,deepseek,3,traffic_good,juror,30.0,70.0,30.0,70.0,3.0,4.0,3.0,2.0
386e0351,deepseek,3,flood_good,juror,30.0,40.0,30.0,40.0,4.0,4.0,3.0,2.0
386e0351,deepseek,3,flood_good,juror,50.0,30.0,50.0,30.0,4.0,5.0,3.0,2.0
386e0351,deepseek,3,flood_bad,juror,40.0,30.0,40.0,30.0,6.0,6.0,6.0,6.0
386e0351,deepseek,3,traffic_bad,juror,50.0,70.0,50.0,70.0,6.0,6.0,6.0,5.0
386e0351,deepseek,3,flood_good,juror,50.0,30.0,50.0,30.0,4.0,4.0,3.0,2.0
386e0351,deepseek,3,traffic_good,juror,50.0,70.0,50.0,70.0,3.0,4.0,3.0,2.0
386e0351,deepseek,3,flood_bad,juror,50.0,30.0,50.0,30.0,6.0,6.0,6.0,6.0
386e0351,deepseek,3,flood_good,juror,50.0,30.0,50.0,30.0,4.0,4.0,3.0,2.0
386e0351,deepseek,3,traffic_good,juror,30.0,70.0,30.0,70.0,2.0,3.0,2.0,1
386e0351,deepseek,3,flood_bad,juror,50.0,30.0,50.0,30.0,6.0,6.0,6.0,6.0
386e0351,deepseek,3,flood_bad,juror,40.0,30.0,40.0,30.0,6.0,6.0,6.0,6.0
386e0351,deepseek,3,flood_good,juror,50.0,30.0,50.0,30.0,4.0,4.0,3.0,2.0
386e0351,deepseek,3,traffic_good,juror,50.0,70.0,50.0,70.0,3.0,3.0,2.0,1
386e0351,deepseek,3,flood_good,juror,50.0,30.0,50.0,30.0,4.0,5.0,3.0,2.0
386e0351,deepseek,3,traffic_good,juror,30.0,70.0,30.0,70.0,3.0,4.0,3.0,2.0
386e0351,deepseek,3,traffic_bad,juror,30.0,70.0,30.0,70.0,6.0,6.0,6.0,5.0
386e0351,deepseek,3,flood_good,juror,50.0,30.0,50.0,30.0,4.0,5.0,3.0,2.0
386e0351,deepseek,3,flood_bad,juror,60.0,40.0,60.0,40.0,6.0,6.0,6.0,6.0
386e0351,deepseek,3,flood_good,juror,50.0,30.0,50.0,30.0,3.0,4.0,3.0,2.0
386e0351,deepseek,3,traffic_good,juror,30.0,70.0,30.0,70.0,3.0,4.0,3.0,2.0
386e0351,deepseek,3,traffic_bad,juror,30.0,70.0,30.0,70.0,5.0,6.0,5.0,4.0
386e0351,deepseek,3,flood_good,juror,30.0,40.0,30.0,40.0,3.0,4.0,3.0,2.0
386e0351,deepseek,3,traffic_bad,juror,30.0,70.0,30.0,70.0,6.0,6.0,5.0,4.0
386e0351,deepseek,3,traffic_bad,juror,30.0,70.0,30.0,70.0,6.0,6.0,5.0,4.0
386e0351,deepseek,3,flood_good,juror,50.0,30.0,50.0,30.0,4.0,4.0,3.0,2.0
386e0351,deepseek,3,traffic_bad,juror,30.0,70.0,30.0,70.0,5.0,6.0,5.0,4.0
386e0351,deepseek,3,flood_bad,juror,50.0,30.0,50.0,30.0,6.0,6.0,6.0,5.0
386e0351,deepseek,3,traffic_bad,juror,30.0,70.0,30.0,70.0,5.0,6.0,5.0,4.0
386e0351,deepseek,3,traffic_good,juror,30.0,70.0,30.0,70.0,2.0,3.0,2.0,1
386e0351,deepseek,3,traffic_bad,juror,30.0,70.0,30.0,70.0,6.0,6.0,5.0,4.0
386e0351,deepseek,3,flood_good,juror,50.0,30.0,50.0,30.0,4.0,4.0,3.0,2.0
386e0351,deepseek,3,traffic_good,juror,30.0,70.0,30.0,70.0,3.0,4.0,3.0,2.0
386e0351,deepseek,3,flood_good,juror,50.0,30.0,50.0,30.0,4.0,4.0,3.0,2.0
386e0351,deepseek,3,flood_bad,juror,30.0,40.0,30.0,40.0,6.0,6.0,6.0,6.0
386e0351,deepseek,3,flood_bad,juror,50.0,30.0,50.0,30.0,6.0,6.0,6.0,6.0
386e0351,deepseek,3,flood_good,juror,50.0,30.0,50.0,30.0,4.0,4.0,3.0,2.0
386e0351,deepseek,3,flood_good,juror,50.0,30.0,50.0,30.0,4.0,4.0,3.0,2.0
386e0351,deepseek,3,flood_good,juror,50.0,30.0,50.0,30.0,4.0,5.0,3.0,2.0
2fa176ae,nano,3,flood_bad,experiment,40.0,30.0,40.0,30.0,5.0,6.0,6.0,5.0
2fa176ae,nano,3,traffic_bad,experiment,5.0,75.0,5.0,75.0,5.0,5.0,6.0,5.0
2fa176ae,nano,3,flood_bad,experiment,45.0,30.0,45.0,30.0,5.0,6.0,6.0,5.0
2fa176ae,nano,3,traffic_bad,experiment,20.0,70.0,20.0,70.0,6.0,5.0,6.0,5.0
2fa176ae,nano,3,flood_good,experiment,30.0,40.0,30.0,40.0,5.0,4.0,4.0,3.0
2fa176ae,nano,3,flood_bad,experiment,45.0,30.0,45.0,30.0,5.0,5.0,5.0,5.0
2fa176ae,nano,3,traffic_good,experiment,20.0,70.0,20.0,70.0,4.0,5.0,5.0,4.0
2fa176ae,nano,3,flood_bad,experiment,30.0,40.0,30.0,40.0,5.0,5.0,5.0,5.0
2fa176ae,nano,3,traffic_bad,experiment,25.0,70.0,25.0,70.0,5.0,4.0,5.0,4.0
2fa176ae,nano,3,flood_good,experiment,50.0,30.0,50.0,30.0,5.0,4.0,4.0,3.0
2fa176ae,nano,3,flood_good,experiment,30.0,20.0,30.0,20.0,5.0,4.0,5.0,4.0
2fa176ae,nano,3,flood_bad,experiment,50.0,30.0,50.0,30.0,5.0,5.0,6.0,6.0
2fa176ae,nano,3,flood_good,experiment,20.0,60.0,20.0,60.0,5.0,4.0,5.0,4.0
2fa176ae,nano,3,flood_good,experiment,30.0,40.0,30.0,40.0,5.0,4.0,4.0,3.0
2fa176ae,nano,3,traffic_bad,experiment,20.0,70.0,20.0,70.0,5.0,6.0,5.0,6.0
2fa176ae,nano,3,flood_good,experiment,30.0,20.0,30.0,20.0,5.0,5.0,5.0,4.0
2fa176ae,nano,3,flood_good,experiment,40.0,30.0,40.0,30.0,4.0,5.0,4.0,3.0
2fa176ae,nano,3,traffic_bad,experiment,15.0,70.0,15.0,70.0,5.0,5.0,6.0,6.0
2fa176ae,nano,3,flood_good,experiment,30.0,40.0,30.0,40.0,5.0,4.0,5.0,4.0
2fa176ae,nano,3,traffic_good,experiment,10.0,80.0,10.0,80.0,5.0,5.0,5.0,5.0
2fa176ae,nano,3,flood_bad,experiment,30.0,20.0,30.0,20.0,5.0,6.0,6.0,5.0
2fa176ae,nano,3,flood_good,experiment,40.0,30.0,40.0,30.0,5.0,4.0,5.0,4.0
2fa176ae,nano,3,traffic_good,experiment,20.0,70.0,20.0,70.0,3.0,5.0,4.0,4.0
2fa176ae,nano,3,flood_good,experiment,20.0,30.0,20.0,30.0,5.0,4.0,5.0,4.0
2fa176ae,nano,3,traffic_good,experiment,25.0,70.0,25.0,70.0,5.0,5.0,5.0,4.0
2fa176ae,nano,3,traffic_good,experiment,20.0,80.0,20.0,80.0,5.0,6.0,5.0,4.0
2fa176ae,nano,3,traffic_good,experiment,30.0,70.0,30.0,70.0,5.0,5.0,5.0,5.0
2fa176ae,nano,3,traffic_bad,experiment,20.0,80.0,20.0,80.0,5.0,5.0,5.0,5.0
2fa176ae,nano,3,traffic_good,experiment,15.0,80.0,15.0,80.0,4.0,5.0,5.0,4.0
2fa176ae,nano,3,flood_good,experiment,40.0,30.0,40.0,30.0,5.0,4.0,5.0,4.0
2fa176ae,nano,3,traffic_good,experiment,10.0,80.0,10.0,80.0,4.0,5.0,5.0,4.0
2fa176ae,nano,3,traffic_good,experiment,10.0,70.0,10.0,70.0,4.0,5.0,5.0,4.0
2fa176ae,nano,3,flood_good,experiment,45.0,30.0,45.0,30.0,5.0,5.0,5.0,4.0
2fa176ae,nano,3,traffic_good,experiment,15.0,70.0,15.0,70.0,5.0,4.0,5.0,4.0
2fa176ae,nano,3,flood_bad,experiment,30.0,40.0,30.0,40.0,5.0,6.0,6.0,5.0
2fa176ae,nano,3,traffic_bad,experiment,15.0,80.0,15.0,80.0,6.0,5.0,6.0,5.0
2fa176ae,nano,3,flood_bad,experiment,45.0,30.0,45.0,30.0,5.0,6.0,6.0,5.0
2fa176ae,nano,3,flood_good,experiment,40.0,30.0,40.0,30.0,5.0,4.0,5.0,4.0
2fa176ae,nano,3,traffic_bad,experiment,25.0,70.0,25.0,70.0,6.0,5.0,6.0,5.0
2fa176ae,nano,3,traffic_bad,experiment,20.0,70.0,20.0,70.0,6.0,5.0,6.0,5.0
2fa176ae,nano,3,traffic_good,experiment,15.0,85.0,15.0,85.0,5.0,4.0,4.0,3.0
2fa176ae,nano,3,flood_bad,experiment,40.0,30.0,40.0,30.0,5.0,5.0,5.0,5.0
2fa176ae,nano,3,traffic_good,experiment,25.0,70.0,25.0,70.0,3.0,4.0,5.0,4.0
2fa176ae,nano,3,traffic_bad,experiment,10.0,90.0,10.0,90.0,5.0,6.0,6.0,5.0
2fa176ae,nano,3,flood_bad,experiment,45.0,30.0,45.0,30.0,6.0,5.0,6.0,5.0
2fa176ae,nano,3,traffic_bad,experiment,20.0,80.0,20.0,80.0,5.0,6.0,6.0,5.0
2fa176ae,nano,3,traffic_good,experiment,25.0,70.0,25.0,70.0,3.0,4.0,4.0,3.0
2fa176ae,nano,3,traffic_bad,experiment,10.0,70.0,10.0,70.0,6.0,5.0,6.0,5.0
2fa176ae,nano,3,traffic_bad,experiment,25.0,80.0,25.0,80.0,5.0,5.0,6.0,5.0
2fa176ae,nano,3,traffic_bad,experiment,15.0,80.0,15.0,80.0,5.0,5.0,6.0,6.0
2fa176ae,nano,3,traffic_good,experiment,30.0,80.0,30.0,80.0,5.0,5.0,5.0,5.0
2fa176ae,nano,3,flood_bad,experiment,30.0,20.0,30.0,20.0,5.0,6.0,6.0,5.0
2fa176ae,nano,3,traffic_bad,experiment,20.0,70.0,20.0,70.0,6.0,5.0,5.0,6.0
2fa176ae,nano,3,flood_good,experiment,70.0,30.0,70.0,30.0,4.0,5.0,5.0,4.0
2fa176ae,nano,3,traffic_bad,experiment,5.0,85.0,5.0,85.0,6.0,6.0,6.0,6.0
2fa176ae,nano,3,flood_bad,experiment,30.0,60.0,30.0,60.0,5.0,5.0,5.0,4.0
2fa176ae,nano,3,flood_good,experiment,30.0,40.0,30.0,40.0,5.0,4.0,4.0,3.0
2fa176ae,nano,3,flood_good,experiment,30.0,40.0,30.0,40.0,5.0,4.0,4.0,3.0
2fa176ae,nano,3,flood_bad,experiment,30.0,40.0,30.0,40.0,6.0,5.0,6.0,5.0
2fa176ae,nano,3,traffic_good,experiment,15.0,80.0,15.0,80.0,4.0,5.0,5.0,4.0
2fa176ae,nano,3,traffic_good,experiment,30.0,70.0,30.0,70.0,5.0,5.0,4.0,4.0
2fa176ae,nano,3,flood_good,experiment,45.0,60.0,45.0,60.0,5.0,5.0,5.0,5.0
2fa176ae,nano,3,flood_bad,experiment,30.0,40.0,30.0,40.0,6.0,5.0,6.0,5.0
2fa176ae,nano,3,flood_bad,experiment,40.0,20.0,40.0,20.0,5.0,5.0,6.0,6.0
2fa176ae,nano,3,traffic_bad,experiment,20.0,60.0,20.0,60.0,5.0,6.0,6.0,5.0
2fa176ae,nano,3,flood_bad,experiment,30.0,40.0,30.0,40.0,6.0,5.0,6.0,5.0
2fa176ae,nano,3,traffic_bad,experiment,25.0,80.0,25.0,80.0,5.0,5.0,5.0,5.0
2fa176ae,nano,3,flood_bad,experiment,40.0,30.0,40.0,30.0,5.0,5.0,6.0,5.0
2fa176ae,nano,3,traffic_good,experiment,5.0,85.0,5.0,85.0,4.0,5.0,5.0,4.0
2fa176ae,nano,3,traffic_good,experiment,25.0,70.0,25.0,70.0,4.0,5.0,5.0,4.0
2fa176ae,nano,3,flood_good,experiment,30.0,40.0,30.0,40.0,5.0,5.0,5.0,4.0
2fa176ae,nano,3,flood_good,experiment,40.0,30.0,40.0,30.0,5.0,5.0,5.0,4.0
2fa176ae,nano,3,traffic_bad,experiment,20.0,70.0,20.0,70.0,6.0,5.0,6.0,5.0
2fa176ae,nano,3,flood_bad,experiment,20.0,40.0,20.0,40.0,6.0,5.0,6.0,5.0
2fa176ae,nano,3,flood_bad,experiment,50.0,30.0,50.0,30.0,6.0,5.0,6.0,5.0
2fa176ae,nano,3,flood_good,experiment,45.0,30.0,45.0,30.0,5.0,4.0,5.0,4.0
2fa176ae,nano,3,traffic_bad,experiment,5.0,80.0,5.0,80.0,4.0,5.0,5.0,5.0
2fa176ae,nano,3,flood_bad,experiment,30.0,40.0,30.0,40.0,5.0,5.0,6.0,5.0
2fa176ae,nano,3,traffic_good,experiment,30.0,70.0,30.0,70.0,3.0,4.0,4.0,3.0
2fa176ae,nano,3,flood_bad,experiment,30.0,20.0,30.0,20.0,5.0,5.0,6.0,6.0
2fa176ae,nano,3,traffic_bad,experiment,15.0,90.0,15.0,90.0,5.0,5.0,6.0,6.0
2fa176ae,nano,3,flood_good,experiment,30.0,40.0,30.0,40.0,5.0,4.0,4.0,3.0
2fa176ae,nano,3,traffic_bad,experiment,10.0,80.0,10.0,80.0,5.0,5.0,5.0,5.0
2fa176ae,nano,3,traffic_good,experiment,10.0,80.0,10.0,80.0,4.0,5.0,5.0,4.0
2fa176ae,nano,3,flood_bad,experiment,30.0,40.0,30.0,40.0,6.0,5.0,6.0,5.0
2fa176ae,nano,3,traffic_bad,experiment,15.0,70.0,15.0,70.0,5.0,4.0,5.0,4.0
2fa176ae,nano,3,traffic_good,experiment,20.0,70.0,20.0,70.0,4.0,5.0,5.0,4.0
2fa176ae,nano,3,flood_bad,experiment,30.0,40.0,30.0,40.0,6.0,5.0,6.0,5.0
2fa176ae,nano,3,traffic_good,experiment,15.0,85.0,15.0,85.0,3.0,4.0,5.0,4.0
2fa176ae,nano,3,flood_good,experiment,40.0,30.0,40.0,30.0,5.0,4.0,5.0,4.0
2fa176ae,nano,3,traffic_good,experiment,15.0,90.0,15.0,90.0,5.0,5.0,5.0,5.0
2fa176ae,nano,3,traffic_bad,experiment,20.0,70.0,20.0,70.0,6.0,5.0,6.0,5.0
2fa176ae,nano,3,traffic_good,experiment,15.0,75.0,15.0,75.0,4.0,5.0,5.0,4.0
2fa176ae,nano,3,traffic_good,experiment,20.0,80.0,20.0,80.0,4.0,5.0,5.0,4.0
2fa176ae,nano,3,flood_bad,experiment,30.0,40.0,30.0,40.0,5.0,5.0,6.0,5.0
2fa176ae,nano,3,traffic_bad,experiment,30.0,70.0,30.0,70.0,5.0,6.0,5.0,6.0
2fa176ae,nano,3,flood_good,experiment,30.0,20.0,30.0,20.0,5.0,5.0,5.0,4.0
2fa176ae,nano,3,flood_good,experiment,30.0,40.0,30.0,40.0,5.0,4.0,4.0,3.0
2fa176ae,nano,3,flood_good,experiment,30.0,60.0,30.0,60.0,5.0,4.0,5.0,4.0
2fa176ae,nano,3,flood_bad,experiment,40.0,30.0,40.0,30.0,5.0,6.0,6.0,5.0
2fa176ae,haiku,3,flood_bad,experiment,60.0,70.0,70.0,30.0,6.0,6.0,6.0,6.0
2fa176ae,haiku,3,flood_bad,experiment,60.0,70.0,50.0,30.0,6.0,6.0,6.0,6.0
2fa176ae,haiku,3,traffic_good,experiment,30.0,70.0,30.0,70.0,5.0,5.0,5.0,3.0
2fa176ae,haiku,3,flood_good,experiment,60.0,70.0,40.0,80.0,5.0,4.0,3.0,2.0
2fa176ae,haiku,3,traffic_bad,experiment,60.0,40.0,60.0,40.0,6.0,6.0,6.0,5.0
2fa176ae,haiku,3,traffic_good,experiment,50.0,30.0,50.0,30.0,6.0,6.0,6.0,5.0
2fa176ae,haiku,3,traffic_good,experiment,40.0,70.0,40.0,70.0,5.0,5.0,5.0,3.0
2fa176ae,haiku,3,flood_bad,experiment,60.0,70.0,70.0,30.0,6.0,6.0,6.0,5.0
2fa176ae,haiku,3,traffic_bad,experiment,70.0,30.0,70.0,30.0,6.0,6.0,6.0,5.0
2fa176ae,haiku,3,flood_bad,experiment,60.0,80.0,70.0,50.0,6.0,6.0,6.0,5.0
2fa176ae,haiku,3,traffic_good,experiment,60.0,30.0,60.0,30.0,6.0,5.0,5.0,4.0
2fa176ae,haiku,3,flood_bad,experiment,60.0,70.0,40.0,30.0,6.0,6.0,6.0,5.0
2fa176ae,haiku,3,flood_bad,experiment,60.0,70.0,70.0,40.0,6.0,6.0,6.0,5.0
2fa176ae,haiku,3,traffic_bad,experiment,40.0,70.0,40.0,70.0,6.0,6.0,6.0,6.0
2fa176ae,haiku,3,flood_bad,experiment,60.0,80.0,80.0,30.0,6.0,6.0,6.0,5.0
2fa176ae,haiku,3,traffic_bad,experiment,40.0,70.0,40.0,70.0,7.0,7.0,7.0,7.0
2fa176ae,haiku,3,traffic_bad,experiment,40.0,70.0,40.0,70.0,6.0,6.0,6.0,5.0
2fa176ae,haiku,3,flood_bad,experiment,60.0,70.0,70.0,50.0,6.0,6.0,6.0,5.0
2fa176ae,haiku,3,traffic_bad,experiment,40.0,60.0,40.0,60.0,6.0,6.0,6.0,5.0
2fa176ae,haiku,3,traffic_bad,experiment,60.0,20.0,60.0,20.0,6.0,6.0,6.0,6.0
2fa176ae,haiku,3,traffic_bad,experiment,40.0,70.0,40.0,70.0,7.0,7.0,7.0,7.0
2fa176ae,haiku,3,traffic_good,experiment,40.0,70.0,40.0,70.0,6.0,6.0,6.0,5.0
2fa176ae,haiku,3,traffic_good,experiment,50.0,30.0,50.0,30.0,6.0,6.0,6.0,5.0
2fa176ae,haiku,3,flood_good,experiment,60.0,70.0,40.0,70.0,5.0,5.0,5.0,3.0
2fa176ae,haiku,3,flood_bad,experiment,60.0,70.0,60.0,70.0,6.0,6.0,6.0,5.0
2fa176ae,haiku,3,flood_good,experiment,60.0,70.0,50.0,70.0,5.0,5.0,4.0,3.0
2fa176ae,haiku,3,flood_bad,experiment,60.0,70.0,70.0,50.0,5.0,6.0,6.0,5.0
2fa176ae,haiku,3,traffic_good,experiment,60.0,30.0,60.0,30.0,6.0,6.0,6.0,4.0
2fa176ae,haiku,3,traffic_good,experiment,40.0,60.0,40.0,60.0,5.0,5.0,5.0,3.0
2fa176ae,haiku,3,flood_good,experiment,60.0,80.0,40.0,70.0,5.0,4.0,3.0,2.0
2fa176ae,haiku,3,traffic_good,experiment,30.0,70.0,40.0,30.0,5.0,4.0,3.0,2.0
2fa176ae,haiku,3,traffic_good,experiment,30.0,70.0,30.0,70.0,6.0,6.0,6.0,5.0
2fa176ae,haiku,3,traffic_good,experiment,60.0,40.0,60.0,40.0,6.0,6.0,6.0,4.0
2fa176ae,haiku,3,traffic_bad,experiment,60.0,40.0,60.0,40.0,6.0,6.0,6.0,5.0
2fa176ae,haiku,3,flood_bad,experiment,60.0,75.0,70.0,40.0,6.0,6.0,6.0,5.0
2fa176ae,haiku,3,flood_bad,experiment,60.0,70.0,60.0,70.0,6.0,6.0,6.0,5.0
2fa176ae,haiku,3,traffic_good,experiment,30.0,70.0,30.0,70.0,6.0,6.0,6.0,6.0
2fa176ae,haiku,3,flood_good,experiment,60.0,70.0,30.0,70.0,5.0,5.0,4.0,3.0
2fa176ae,haiku,3,flood_good,experiment,60.0,80.0,50.0,70.0,4.0,3.0,3.0,2.0
2fa176ae,haiku,3,traffic_bad,experiment,30.0,60.0,30.0,60.0,6.0,6.0,6.0,5.0
2fa176ae,haiku,3,traffic_bad,experiment,45.0,70.0,45.0,70.0,6.0,6.0,6.0,6.0
2fa176ae,haiku,3,flood_good,experiment,60.0,70.0,10.0,60.0,4.0,4.0,3.0,2.0
2fa176ae,haiku,3,flood_good,experiment,60.0,80.0,30.0,80.0,5.0,5.0,5.0,5.0
2fa176ae,haiku,3,traffic_bad,experiment,40.0,60.0,40.0,60.0,5.0,6.0,6.0,5.0
2fa176ae,haiku,3,flood_good,experiment,60.0,80.0,40.0,60.0,4.0,3.0,3.0,2.0
2fa176ae,haiku,3,traffic_good,experiment,40.0,70.0,40.0,70.0,6.0,6.0,6.0,5.0
2fa176ae,haiku,3,flood_bad,experiment,60.0,70.0,40.0,30.0,6.0,6.0,6.0,6.0
2fa176ae,haiku,3,flood_good,experiment,60.0,80.0,40.0,70.0,5.0,5.0,5.0,3.0
2fa176ae,haiku,3,flood_good,experiment,60.0,70.0,20.0,70.0,5.0,4.0,3.0,2.0
2fa176ae,haiku,3,flood_bad,experiment,60.0,70.0,60.0,70.0,6.0,6.0,6.0,5.0
2fa176ae,haiku,3,traffic_bad,experiment,40.0,70.0,40.0,70.0,6.0,6.0,6.0,5.0
2fa176ae,haiku,3,traffic_bad,experiment,60.0,30.0,60.0,30.0,6.0,6.0,6.0,5.0
2fa176ae,haiku,3,flood_good,experiment,60.0,70.0,20.0,70.0,4.0,5.0,4.0,2.0
2fa176ae,haiku,3,flood_bad,experiment,60.0,70.0,65.0,30.0,6.0,6.0,6.0,5.0
2fa176ae,haiku,3,flood_bad,experiment,60.0,70.0,70.0,30.0,6.0,6.0,6.0,5.0
2fa176ae,haiku,3,flood_good,experiment,60.0,80.0,30.0,80.0,5.0,4.0,4.0,3.0
2fa176ae,haiku,3,traffic_good,experiment,60.0,40.0,60.0,40.0,5.0,6.0,5.0,4.0
2fa176ae,haiku,3,flood_bad,experiment,60.0,70.0,70.0,30.0,5.0,6.0,6.0,4.0
2fa176ae,haiku,3,flood_bad,experiment,60.0,80.0,60.0,80.0,6.0,6.0,6.0,6.0
2fa176ae,haiku,3,flood_good,experiment,60.0,70.0,50.0,70.0,5.0,5.0,5.0,4.0
2fa176ae,haiku,3,traffic_good,experiment,30.0,80.0,30.0,80.0,5.0,6.0,6.0,4.0
2fa176ae,haiku,3,traffic_good,experiment,40.0,70.0,40.0,70.0,4.0,5.0,5.0,3.0
2fa176ae,haiku,3,traffic_good,experiment,30.0,70.0,30.0,70.0,6.0,6.0,6.0,5.0
2fa176ae,haiku,3,flood_good,experiment,60.0,70.0,40.0,70.0,4.0,4.0,4.0,3.0
2fa176ae,haiku,3,traffic_good,experiment,35.0,75.0,35.0,75.0,6.0,6.0,6.0,5.0
2fa176ae,haiku,3,flood_good,experiment,60.0,70.0,50.0,60.0,4.0,4.0,4.0,3.0
2fa176ae,haiku,3,flood_good,experiment,60.0,70.0,50.0,60.0,5.0,4.0,4.0,3.0
2fa176ae,haiku,3,flood_good,experiment,50.0,80.0,20.0,80.0,5.0,5.0,5.0,3.0
2fa176ae,haiku,3,traffic_bad,experiment,50.0,80.0,50.0,80.0,6.0,6.0,6.0,5.0
2fa176ae,haiku,3,flood_bad,experiment,60.0,70.0,65.0,30.0,6.0,6.0,6.0,6.0
2fa176ae,haiku,3,traffic_bad,experiment,40.0,70.0,40.0,70.0,6.0,6.0,6.0,5.0
2fa176ae,haiku,3,traffic_bad,experiment,40.0,70.0,40.0,70.0,5.0,6.0,6.0,5.0
2fa176ae,haiku,3,traffic_good,experiment,50.0,30.0,50.0,30.0,6.0,6.0,6.0,4.0
2fa176ae,haiku,3,traffic_bad,experiment,60.0,40.0,60.0,40.0,5.0,6.0,6.0,5.0
2fa176ae,haiku,3,flood_bad,experiment,60.0,70.0,60.0,70.0,6.0,6.0,6.0,5.0
2fa176ae,haiku,3,traffic_bad,experiment,60.0,20.0,60.0,20.0,6.0,6.0,6.0,5.0
2fa176ae,haiku,3,flood_good,experiment,60.0,70.0,40.0,30.0,3.0,4.0,3.0,2.0
2fa176ae,haiku,3,traffic_bad,experiment,30.0,70.0,30.0,70.0,5.0,6.0,6.0,5.0
2fa176ae,haiku,3,traffic_good,experiment,35.0,75.0,35.0,75.0,6.0,6.0,6.0,5.0
2fa176ae,haiku,3,traffic_bad,experiment,60.0,30.0,60.0,30.0,6.0,6.0,6.0,5.0
2fa176ae,haiku,3,flood_bad,experiment,60.0,70.0,60.0,70.0,6.0,6.0,6.0,6.0
2fa176ae,haiku,3,traffic_good,experiment,60.0,30.0,60.0,30.0,6.0,6.0,6.0,5.0
2fa176ae,haiku,3,traffic_good,experiment,40.0,70.0,40.0,70.0,5.0,5.0,5.0,3.0
2fa176ae,haiku,3,flood_bad,experiment,60.0,80.0,60.0,80.0,6.0,6.0,6.0,5.0
2fa176ae,haiku,3,flood_bad,experiment,60.0,70.0,70.0,30.0,6.0,6.0,6.0,6.0
2fa176ae,haiku,3,traffic_bad,experiment,40.0,70.0,40.0,70.0,7.0,7.0,7.0,7.0
2fa176ae,haiku,3,flood_good,experiment,60.0,70.0,20.0,80.0,5.0,4.0,3.0,2.0
2fa176ae,haiku,3,flood_bad,experiment,60.0,80.0,75.0,20.0,6.0,6.0,6.0,5.0
2fa176ae,haiku,3,flood_good,experiment,60.0,70.0,30.0,70.0,4.0,5.0,4.0,3.0
2fa176ae,haiku,3,flood_bad,experiment,60.0,70.0,60.0,70.0,6.0,6.0,6.0,5.0
2fa176ae,haiku,3,traffic_bad,experiment,50.0,20.0,50.0,20.0,6.0,6.0,6.0,5.0
2fa176ae,haiku,3,flood_good,experiment,60.0,70.0,40.0,60.0,4.0,4.0,4.0,4.0
2fa176ae,haiku,3,traffic_good,experiment,60.0,20.0,60.0,20.0,6.0,6.0,6.0,5.0
2fa176ae,haiku,3,flood_good,experiment,60.0,70.0,20.0,70.0,5.0,5.0,4.0,3.0
2fa176ae,haiku,3,traffic_bad,experiment,60.0,20.0,60.0,20.0,6.0,6.0,6.0,5.0
2fa176ae,haiku,3,traffic_good,experiment,60.0,30.0,60.0,30.0,6.0,6.0,6.0,4.0
2fa176ae,haiku,3,traffic_bad,experiment,30.0,70.0,30.0,70.0,6.0,6.0,6.0,5.0
2fa176ae,haiku,3,traffic_good,experiment,35.0,70.0,35.0,70.0,5.0,5.0,5.0,3.0
2fa176ae,haiku,3,flood_good,experiment,60.0,80.0,40.0,80.0,4.0,4.0,4.0,3.0
2fa176ae,haiku,3,flood_good,experiment,60.0,70.0,40.0,70.0,4.0,4.0,4.0,3.0
2fa176ae,deepseek,3,traffic_bad,experiment,30.0,70.0,30.0,70.0,5.0,5.0,5.0,4.0
2fa176ae,deepseek,3,flood_bad,experiment,50.0,30.0,50.0,30.0,5.0,6.0,6.0,5.0
2fa176ae,deepseek,3,flood_good,experiment,50.0,30.0,50.0,30.0,3.0,4.0,3.0,2.0
2fa176ae,deepseek,3,traffic_bad,experiment,30.0,70.0,30.0,70.0,5.0,5.0,5.0,4.0
2fa176ae,deepseek,3,flood_good,experiment,50.0,30.0,50.0,30.0,3.0,4.0,3.0,2.0
2fa176ae,deepseek,3,flood_good,experiment,50.0,30.0,50.0,30.0,3.0,4.0,3.0,2.0
2fa176ae,deepseek,3,flood_good,experiment,50.0,30.0,50.0,30.0,3.0,4.0,3.0,2.0
2fa176ae,deepseek,3,flood_bad,experiment,30.0,40.0,30.0,40.0,5.0,6.0,5.0,4.0
2fa176ae,deepseek,3,flood_good,experiment,50.0,30.0,50.0,30.0,3.0,4.0,3.0,2.0
2fa176ae,deepseek,3,flood_bad,experiment,50.0,30.0,50.0,30.0,5.0,6.0,5.0,5.0
2fa176ae,deepseek,3,flood_good,experiment,50.0,30.0,50.0,30.0,3.0,4.0,2.0,1
2fa176ae,deepseek,3,traffic_good,experiment,30.0,70.0,30.0,70.0,3.0,3.0,2.0,1
2fa176ae,deepseek,3,traffic_bad,experiment,30.0,70.0,30.0,70.0,5.0,5.0,5.0,3.0
2fa176ae,deepseek,3,flood_good,experiment,50.0,30.0,50.0,30.0,3.0,4.0,3.0,2.0
2fa176ae,deepseek,3,traffic_bad,experiment,30.0,70.0,30.0,70.0,5.0,5.0,5.0,4.0
2fa176ae,deepseek,3,traffic_good,experiment,30.0,70.0,30.0,70.0,3.0,3.0,2.0,1
2fa176ae,deepseek,3,traffic_good,experiment,30.0,70.0,30.0,70.0,3.0,3.0,2.0,1
2fa176ae,deepseek,3,traffic_bad,experiment,50.0,70.0,50.0,70.0,5.0,6.0,5.0,4.0
2fa176ae,deepseek,3,traffic_bad,experiment,30.0,70.0,30.0,70.0,5.0,5.0,5.0,3.0
2fa176ae,deepseek,3,flood_bad,experiment,50.0,30.0,50.0,30.0,6.0,7.0,6.0,5.0
2fa176ae,deepseek,3,traffic_good,experiment,50.0,70.0,50.0,70.0,1,1,1,1
2fa176ae,deepseek,3,traffic_bad,experiment,30.0,70.0,30.0,70.0,5.0,5.0,5.0,4.0
2fa176ae,deepseek,3,traffic_good,experiment,30.0,70.0,30.0,70.0,2.0,3.0,2.0,1
2fa176ae,deepseek,3,flood_good,experiment,50.0,30.0,50.0,30.0,3.0,4.0,2.0,1
2fa176ae,deepseek,3,traffic_good,experiment,30.0,70.0,30.0,70.0,3.0,3.0,2.0,1
2fa176ae,deepseek,3,traffic_bad,experiment,30.0,70.0,30.0,70.0,5.0,5.0,5.0,3.0
2fa176ae,deepseek,3,traffic_bad,experiment,30.0,70.0,30.0,70.0,5.0,6.0,5.0,4.0
2fa176ae,deepseek,3,traffic_bad,experiment,30.0,70.0,30.0,70.0,5.0,6.0,5.0,4.0
2fa176ae,deepseek,3,traffic_bad,experiment,30.0,70.0,30.0,70.0,5.0,6.0,5.0,4.0
2fa176ae,deepseek,3,flood_good,experiment,50.0,30.0,50.0,30.0,3.0,4.0,3.0,2.0
2fa176ae,deepseek,3,traffic_bad,experiment,30.0,70.0,30.0,70.0,5.0,6.0,5.0,4.0
2fa176ae,deepseek,3,flood_bad,experiment,50.0,30.0,50.0,30.0,5.0,6.0,6.0,5.0
2fa176ae,deepseek,3,flood_good,experiment,60.0,40.0,60.0,40.0,4.0,4.0,3.0,2.0
2fa176ae,deepseek,3,flood_good,experiment,50.0,30.0,50.0,30.0,3.0,4.0,3.0,2.0
2fa176ae,deepseek,3,flood_bad,experiment,50.0,30.0,50.0,30.0,6.0,6.0,6.0,5.0
2fa176ae,deepseek,3,traffic_good,experiment,30.0,70.0,30.0,70.0,3.0,3.0,3.0,1
2fa176ae,deepseek,3,flood_bad,experiment,50.0,30.0,50.0,30.0,6.0,7.0,6.0,5.0
2fa176ae,deepseek,3,traffic_bad,experiment,30.0,70.0,30.0,70.0,5.0,5.0,5.0,3.0
2fa176ae,deepseek,3,traffic_bad,experiment,30.0,70.0,30.0,70.0,5.0,5.0,5.0,4.0
2fa176ae,deepseek,3,flood_good,experiment,50.0,30.0,50.0,30.0,4.0,4.0,3.0,2.0
2fa176ae,deepseek,3,flood_good,experiment,50.0,30.0,50.0,30.0,4.0,4.0,3.0,2.0
2fa176ae,deepseek,3,flood_bad,experiment,50.0,30.0,50.0,30.0,6.0,6.0,6.0,5.0
2fa176ae,deepseek,3,traffic_bad,experiment,50.0,70.0,50.0,70.0,5.0,5.0,5.0,4.0
2fa176ae,deepseek,3,traffic_good,experiment,50.0,70.0,50.0,70.0,1,1,1,1
2fa176ae,deepseek,3,flood_bad,experiment,50.0,30.0,50.0,30.0,5.0,6.0,6.0,5.0
2fa176ae,deepseek,3,flood_good,experiment,30.0,40.0,30.0,40.0,3.0,4.0,3.0,2.0
2fa176ae,deepseek,3,flood_bad,experiment,50.0,30.0,50.0,30.0,6.0,6.0,6.0,5.0
2fa176ae,deepseek,3,traffic_good,experiment,50.0,70.0,50.0,70.0,1,1,1,1
2fa176ae,deepseek,3,traffic_good,experiment,30.0,70.0,30.0,70.0,3.0,3.0,3.0,1
2fa176ae,deepseek,3,flood_bad,experiment,50.0,30.0,50.0,30.0,6.0,7.0,6.0,5.0
2fa176ae,deepseek,3,flood_good,experiment,50.0,30.0,50.0,30.0,3.0,3.0,2.0,1
2fa176ae,deepseek,3,flood_good,experiment,50.0,30.0,50.0,30.0,4.0,4.0,3.0,2.0
2fa176ae,deepseek,3,flood_good,experiment,50.0,30.0,50.0,30.0,3.0,4.0,3.0,2.0
2fa176ae,deepseek,3,flood_good,experiment,50.0,30.0,50.0,30.0,4.0,4.0,3.0,2.0
2fa176ae,deepseek,3,flood_good,experiment,50.0,30.0,50.0,30.0,3.0,4.0,3.0,2.0
2fa176ae,deepseek,3,flood_good,experiment,50.0,30.0,50.0,30.0,3.0,4.0,3.0,2.0
2fa176ae,deepseek,3,traffic_bad,experiment,30.0,70.0,30.0,70.0,5.0,6.0,5.0,4.0
2fa176ae,deepseek,3,traffic_bad,experiment,30.0,70.0,30.0,70.0,5.0,5.0,5.0,4.0
2fa176ae,deepseek,3,traffic_good,experiment,30.0,70.0,30.0,70.0,4.0,3.0,2.0,1
2fa176ae,deepseek,3,traffic_good,experiment,30.0,70.0,30.0,70.0,3.0,3.0,2.0,1
2fa176ae,deepseek,3,traffic_good,experiment,50.0,70.0,50.0,70.0,1,1,1,1
2fa176ae,deepseek,3,flood_good,experiment,30.0,40.0,30.0,40.0,4.0,4.0,3.0,2.0
2fa176ae,deepseek,3,traffic_good,experiment,50.0,70.0,50.0,70.0,1,1,1,1
2fa176ae,deepseek,3,flood_bad,experiment,60.0,40.0,60.0,40.0,6.0,6.0,6.0,5.0
2fa176ae,deepseek,3,flood_bad,experiment,50.0,30.0,50.0,30.0,5.0,6.0,5.0,4.0
2fa176ae,deepseek,3,traffic_good,experiment,30.0,70.0,30.0,70.0,3.0,3.0,2.0,1
2fa176ae,deepseek,3,traffic_bad,experiment,30.0,70.0,30.0,70.0,5.0,5.0,5.0,3.0
2fa176ae,deepseek,3,traffic_good,experiment,30.0,70.0,30.0,70.0,3.0,3.0,2.0,1
2fa176ae,deepseek,3,traffic_good,experiment,30.0,70.0,30.0,70.0,3.0,3.0,2.0,1
2fa176ae,deepseek,3,flood_bad,experiment,30.0,40.0,30.0,40.0,5.0,6.0,6.0,5.0
2fa176ae,deepseek,3,traffic_bad,experiment,30.0,70.0,30.0,70.0,5.0,5.0,5.0,3.0
2fa176ae,deepseek,3,flood_bad,experiment,50.0,30.0,50.0,30.0,6.0,6.0,6.0,5.0
2fa176ae,deepseek,3,traffic_good,experiment,30.0,70.0,30.0,70.0,3.0,3.0,2.0,1
2fa176ae,deepseek,3,traffic_good,experiment,50.0,70.0,50.0,70.0,1,1,1,1
2fa176ae,deepseek,3,traffic_good,experiment,30.0,70.0,30.0,70.0,3.0,3.0,3.0,1
2fa176ae,deepseek,3,traffic_good,experiment,30.0,70.0,30.0,70.0,3.0,3.0,2.0,1
2fa176ae,deepseek,3,flood_bad,experiment,30.0,40.0,30.0,40.0,5.0,6.0,5.0,4.0
2fa176ae,deepseek,3,traffic_bad,experiment,30.0,70.0,30.0,70.0,5.0,5.0,5.0,3.0
2fa176ae,deepseek,3,flood_bad,experiment,50.0,30.0,50.0,30.0,5.0,6.0,5.0,5.0
2fa176ae,deepseek,3,flood_bad,experiment,50.0,30.0,50.0,30.0,6.0,6.0,6.0,5.0
2fa176ae,deepseek,3,traffic_good,experiment,30.0,70.0,30.0,70.0,3.0,3.0,2.0,1
2fa176ae,deepseek,3,traffic_good,experiment,30.0,70.0,30.0,70.0,3.0,3.0,2.0,1
2fa176ae,deepseek,3,flood_good,experiment,50.0,30.0,50.0,30.0,3.0,4.0,3.0,2.0
2fa176ae,deepseek,3,traffic_bad,experiment,30.0,70.0,30.0,70.0,5.0,5.0,5.0,3.0
2fa176ae,deepseek,3,traffic_bad,experiment,30.0,70.0,30.0,70.0,5.0,5.0,5.0,3.0
2fa176ae,deepseek,3,traffic_bad,experiment,30.0,70.0,30.0,70.0,5.0,5.0,5.0,4.0
2fa176ae,deepseek,3,flood_good,experiment,50.0,30.0,50.0,30.0,3.0,4.0,3.0,2.0
2fa176ae,deepseek,3,traffic_bad,experiment,30.0,70.0,30.0,70.0,5.0,6.0,5.0,4.0
2fa176ae,deepseek,3,flood_bad,experiment,50.0,30.0,50.0,30.0,6.0,7.0,6.0,5.0
2fa176ae,deepseek,3,flood_good,experiment,50.0,30.0,50.0,30.0,3.0,3.0,2.0,1
2fa176ae,deepseek,3,traffic_good,experiment,30.0,70.0,30.0,70.0,3.0,3.0,2.0,1
2fa176ae,deepseek,3,traffic_good,experiment,30.0,70.0,30.0,70.0,1,1,1,1
2fa176ae,deepseek,3,flood_bad,experiment,50.0,30.0,50.0,30.0,6.0,7.0,6.0,5.0
2fa176ae,deepseek,3,flood_bad,experiment,50.0,30.0,50.0,30.0,6.0,6.0,6.0,5.0
2fa176ae,deepseek,3,flood_bad,experiment,30.0,40.0,30.0,40.0,5.0,6.0,5.0,5.0
2fa176ae,deepseek,3,traffic_bad,experiment,50.0,70.0,50.0,70.0,5.0,5.0,5.0,3.0
2fa176ae,deepseek,3,flood_good,experiment,50.0,30.0,50.0,30.0,3.0,4.0,3.0,2.0
2fa176ae,deepseek,3,flood_bad,experiment,30.0,40.0,30.0,40.0,5.0,6.0,5.0,4.0
2fa176ae,deepseek,3,flood_bad,experiment,50.0,30.0,50.0,30.0,6.0,6.0,6.0,5.0
2fa176ae,deepseek,3,flood_bad,experiment,50.0,30.0,50.0,30.0,6.0,6.0,6.0,5.0
9ba69186,nano,3,traffic_bad,juror,5.0,80.0,5.0,80.0,6.0,6.0,5.0,4.0
9ba69186,nano,3,flood_bad,juror,40.0,70.0,40.0,70.0,5.0,6.0,6.0,5.0
9ba69186,nano,3,traffic_good,juror,5.0,85.0,5.0,85.0,3.0,4.0,5.0,3.0
9ba69186,nano,3,flood_good,juror,30.0,40.0,30.0,40.0,3.0,4.0,4.0,3.0
fe99e8b9,nano,3,flood_good,experiment,50.0,30.0,50.0,30.0,5.0,5.0,4.0,4.0
fe99e8b9,nano,3,flood_bad,experiment,30.0,70.0,30.0,70.0,5.0,6.0,6.0,5.0
f87f6e3a,nano,5,flood_expert_bad,bad,juror,5.0,50.0,5.0,5.0,6.0,5.0
f87f6e3a,nano,5,flood_expert_good,neutral,juror,5.0,80.0,2.0,3.0,3.0,2.0
